term,term_id
local,1
owner,2
style,3
vast,4
region,5
surround,6
mediterranean,7
larg,8
decor,9
contemporari,10
modern,11
abroad,12
window,13
admir,14
rustic,15
greeneri,16
chef,17
cuisin,18
sourc,19
ingredi,20
top,21
itali,22
experi,23
sannio,24
work,25
restaur,26
made,27
tradit,28
italian,29
crumb,30
soft,31
cake,32
famili,33
option,34
brais,35
cannelloni,36
favourit,37
marzipan,38
highlight,39
delici,40
imagna,41
cream,42
alongsid,43
fish,44
welcom,45
situat,46
mouss,47
serv,48
run,49
ice,50
dri,51
unmiss,52
includ,53
sbrisolona,54
cod,55
zabaglion,56
valley,57
special,58
guancialino,59
wind,60
impress,61
imagin,62
get,63
focu,64
coast,65
cuomo,66
opposit,67
small,68
way,69
comfort,70
road,71
almost,72
make,73
villag,74
also,75
patienc,76
marisa,77
result,78
recent,79
built,80
wineri,81
cook,82
need,83
renov,84
mix,85
influenc,86
sea,87
vista,88
furor,89
guestroom,90
avail,91
breathtak,92
view,93
famou,94
differ,95
boast,96
play,97
touch,98
first,99
authent,100
flavour,101
tabl,102
aeolian,103
floor,104
sit,105
role,106
outsid,107
shade,108
skil,109
star,110
hot,111
terrac,112
flair,113
interpret,114
ask,115
pleasant,116
narrow,117
set,118
cure,119
district,120
typic,121
furnish,122
rimini,123
qualiti,124
cappelletti,125
fresh,126
mora,127
dish,128
romagna,129
borgo,130
san,131
hous,132
outdoor,133
vintag,134
pasta,135
pork,136
old,137
meal,138
paint,139
excel,140
giuliano,141
dine,142
brightli,143
ham,144
fishermen,145
chicken,146
room,147
provid,148
squar,149
summer,150
smart,151
miss,152
romagnola,153
stroll,154
osteria,155
variou,156
home,157
featur,158
broth,159
meat,160
space,161
two,162
alleyway,163
directli,164
adriat,165
simpl,166
cart,167
overlook,168
highest,169
eleg,170
stylish,171
unexpectedli,172
menu,173
classic,174
daili,175
list,176
particular,177
place,178
appear,179
la,180
wine,181
yet,182
rise,183
label,184
pride,185
french,186
sand,187
take,188
sorrentin,189
soon,190
tast,191
reinterpret,192
garden,193
allow,194
extens,195
vegetarian,196
otherwis,197
hotel,198
prepar,199
one,200
entranc,201
heart,202
panoram,203
delight,204
eat,205
vittoria,206
campania,207
like,208
indoor,209
inspir,210
lead,211
long,212
guest,213
weather,214
gourmet,215
recip,216
sorrento,217
excelsior,218
icon,219
antonino,220
peninsula,221
aesthet,222
glass,223
choic,224
montefusco,225
corridor,226
snack,227
evolv,228
constantli,229
prior,230
look,231
minimalist,232
backdrop,233
sampl,234
lunchtim,235
portion,236
full,237
reserv,238
hurri,239
three,240
open,241
charact,242
varieti,243
smaller,244
albeit,245
ragù,246
ricotta,247
linguin,248
scorpion,249
cours,250
1,251
monasteri,252
giusepp,253
neapolitan,254
bottl,255
600,256
lemon,257
select,258
16c,259
basil,260
aversa,261
wherev,262
marin,263
especi,264
pesto,265
tomato,266
mention,267
centr,268
gnocchi,269
cellar,270
display,271
culinari,272
well,273
deserv,274
histor,275
enjoy,276
salt,277
choos,278
bottarga,279
produc,280
insid,281
build,282
cosi,283
base,284
fare,285
tuscan,286
hostelri,287
person,288
plenti,289
note,290
lineag,291
center,292
taormina,293
coastlin,294
bleed,295
bella,296
tourist,297
vibrant,298
without,299
complement,300
bore,301
vase,302
centuri,303
locat,304
wash,305
name,306
much,307
turquois,308
furnitur,309
sun,310
boutiqu,311
grown,312
colonel,313
bring,314
20th,315
greek,316
retir,317
creaki,318
bird,319
domin,320
villa,321
decad,322
annual,323
step,324
remiss,325
expans,326
infin,327
behind,328
destin,329
tree,330
dose,331
tout,332
know,333
beach,334
creepi,335
type,336
plush,337
ruin,338
close,339
sicilian,340
citru,341
slavish,342
edg,343
seem,344
preserv,345
hard,346
march,347
occasion,348
frame,349
instead,350
lucki,351
purpl,352
pool,353
pictur,354
palm,355
antiqu,356
form,357
william,358
end,359
ancient,360
isola,361
feel,362
architect,363
heritag,364
spectacular,365
splash,366
brighter,367
charm,368
beneath,369
suit,370
craft,371
boat,372
color,373
establish,374
art,375
ashbe,376
short,377
might,378
meticul,379
ride,380
happili,381
alcov,382
english,383
aristocrat,384
charl,385
insist,386
ionian,387
chair,388
mani,389
eccentr,390
curtain,391
histori,392
robert,393
flower,394
us,395
lent,396
cliff,397
white,398
sheet,399
fit,400
circl,401
walk,402
enough,403
time,404
crisp,405
even,406
februari,407
true,408
perch,409
bed,410
amphitheat,411
stare,412
mind,413
uniqu,414
would,415
trim,416
away,417
quit,418
water,419
four,420
steadfastli,421
wall,422
updat,423
british,424
twenti,425
littl,426
later,427
privat,428
vine,429
morri,430
personalis,431
knowledg,432
creat,433
sparkl,434
bright,435
champagn,436
exclus,437
although,438
wife,439
emphasi,440
friendli,441
array,442
wide,443
slight,444
offer,445
inform,446
along,447
desir,448
hashbe,449
unforgett,450
togeth,451
partnership,452
earli,453
come,454
heinz,455
combin,456
loung,457
retain,458
born,459
calabrian,460
salvator,461
guarante,462
georg,463
20c,464
resid,465
colour,466
intuit,467
gastronom,468
michelin,469
courtesi,470
instinct,471
messina,472
strait,473
iuliano,474
passion,475
beck,476
adorn,477
england,478
saltwat,479
freshwat,480
verbania,481
residenti,482
lakesid,483
acr,484
orchard,485
tasso,486
cliffsid,487
separ,488
ventur,489
harbor,490
orangeri,491
emperor,492
accompani,493
round,494
rich,495
napl,496
redesign,497
goeth,498
phenomen,499
gaze,500
remain,501
spa,502
hire,503
link,504
benefit,505
balconi,506
still,507
drink,508
steep,509
past,510
less,511
wisteria,512
necessari,513
servic,514
caruso,515
bosquet,516
19th,517
season,518
high,519
beauti,520
construct,521
period,522
starter,523
bay,524
natur,525
ceil,526
immers,527
pergola,528
meter,529
hydrofoil,530
terrazza,531
serra,532
suggest,533
entir,534
outfit,535
greenhous,536
1834,537
wagner,538
unearth,539
formerli,540
dinner,541
warm,542
restor,543
explor,544
compris,545
seafront,546
column,547
fresco,548
feng,549
ischia,550
finest,551
seren,552
sensibl,553
bustl,554
orang,555
singer,556
grand,557
ornat,558
flood,559
orchestra,560
left,561
poolsid,562
parkland,563
candlelit,564
intrus,565
enrico,566
forth,567
transport,568
ideal,569
pompeii,570
right,571
stun,572
opera,573
augustu,574
scenic,575
shui,576
elev,577
surviv,578
grove,579
amalfi,580
piazza,581
perfum,582
capri,583
roman,584
glamor,585
today,586
plate,587
twist,588
street,589
inter,590
low,591
creativ,592
across,593
commerci,594
port,595
focus,596
sever,597
connect,598
salerno,599
chees,600
stock,601
cristian,602
use,603
butter,604
decept,605
ambienc,606
idea,607
alway,608
valva,609
rare,610
blend,611
beef,612
spaghetti,613
seemingli,614
onion,615
perfect,616
despit,617
paestum,618
third,619
40,620
within,621
royal,622
origin,623
abruzzo,624
continu,625
year,626
risotto,627
parmesan,628
shine,629
showcas,630
sour,631
search,632
torsiello,633
exampl,634
saffron,635
attract,636
techniqu,637
gragnono,638
truli,639
complex,640
stage,641
alfresco,642
fine,643
2019,644
plu,645
anyon,646
superb,647
great,648
autumn,649
canzian,650
simpler,651
best,652
artisan,653
invent,654
refurbish,655
brera,656
skill,657
bespok,658
properti,659
sommeli,660
german,661
mile,662
kitchen,663
adopt,664
host,665
oliv,666
abund,667
front,668
everi,669
care,670
hand,671
event,672
helm,673
whose,674
roberto,675
savoy,676
attent,677
glowig,678
effort,679
expert,680
zero,681
structur,682
recommend,683
birth,684
chang,685
ensur,686
cilento,687
staff,688
new,689
return,690
pievano,691
castl,692
tavern,693
outbuild,694
di,695
tuscani,696
turn,697
specifi,698
37,699
coupl,700
chianti,701
countri,702
site,703
il,704
hundr,705
exactli,706
mediev,707
among,708
thousand,709
spaltenna,710
castello,711
fairli,712
roam,713
spread,714
talk,715
resort,716
japanes,717
light,718
arrang,719
subtl,720
ladin,721
stone,722
farmhous,723
wood,724
alpin,725
pietra,726
husband,727
salento,728
often,729
mountain,730
repres,731
castel,732
duomo,733
cover,734
bougainvillea,735
splendid,736
murat,737
romant,738
throw,739
cum,740
convert,741
positano,742
palazzo,743
pedestrian,744
chosen,745
lit,746
bulk,747
giancarlo,748
bar,749
day,750
mixolog,751
food,752
morelli,753
viu,754
renown,755
milan,756
discreetli,757
throughout,758
fascin,759
dedic,760
simplic,761
philosophi,762
recognis,763
luciano,764
elsewher,765
next,766
uncompromis,767
add,768
andpetra,769
luxuri,770
facil,771
villani,772
cut,773
aperitif,774
appeal,775
stay,776
hamlet,777
organ,778
acquapetra,779
aqua,780
transform,781
interest,782
group,783
area,784
bastion,785
retro,786
tini,787
cocktail,788
petit,789
al,790
supplement,791
alik,792
attanasio,793
le,794
apart,795
veget,796
bad,797
patch,798
slightli,799
botan,800
patti,801
sicili,802
good,803
nativ,804
daniel,805
theadriatico,806
young,807
visit,808
stabl,809
intriguingvieni,810
enthusiast,811
con,812
sicilia,813
grill,814
soften,815
bergamasca,816
trattoria,817
gazebo,818
bassa,819
overal,820
lowland,821
femal,822
stube,823
latter,824
ever,825
follow,826
approach,827
root,828
previous,829
strike,830
creativo,831
profus,832
present,833
adig,834
lunch,835
atmospher,836
vari,837
alto,838
sculpt,839
junip,840
leav,841
granit,842
goe,843
boulder,844
vision,845
translat,846
never,847
amidst,848
palat,849
tantal,850
arborina,851
vodka,852
particularli,853
relai,854
fernando,855
aim,856
part,857
complet,858
whole,859
mullet,860
trolley,861
wast,862
excit,863
dessert,864
tommaso,865
main,866
chose,867
forino,868
1980,869
murges,870
immacolata,871
church,872
alla,873
cherri,874
troccoli,875
photo,876
spoleto,877
beam,878
13c,879
back,880
expos,881
intim,882
umbrian,883
date,884
stonework,885
dell,886
sophist,887
cultur,888
intent,889
flagship,890
museo,891
address,892
bartolini,893
vibe,894
adventur,895
intens,896
mudec,897
around,898
achiev,899
award,900
surpris,901
laurel,902
rest,903
sometim,904
un,905
citi,906
given,907
market,908
venu,909
workshop,910
agricultur,911
possibl,912
posto,913
hour,914
far,915
spend,916
activ,917
carpentri,918
dei,919
either,920
sakali,921
sala,922
papi,923
capabl,924
greec,925
prawn,926
grape,927
red,928
hail,929
acorn,930
sure,931
button,932
tri,933
courtyard,934
inner,935
occupi,936
stelio,937
pastri,938
del,939
saganaki,940
cantina,941
flour,942
seafood,943
ahead,944
pedestrianis,945
book,946
1906,947
liguria,948
invit,949
inn,950
ancestor,951
sinc,952
beyond,953
want,954
santa,955
revolutionis,956
pike,957
clean,958
rais,959
span,960
trout,961
liqueur,962
consid,963
celebr,964
susanna,965
refin,966
children,967
moment,968
2023,969
herbal,970
standard,971
crystal,972
crayfish,973
wooden,974
serva,975
clear,976
stop,977
trota,978
extract,979
wild,980
cognac,981
tench,982
level,983
herb,984
canal,985
brother,986
60th,987
anniversari,988
assist,989
tea,990
abli,991
bridg,992
cool,993
enter,994
nearbi,995
catfish,996
respect,997
discoveri,998
lamp,999
rosa,1000
grow,1001
purchas,1002
dove,1003
guida,1004
nonna,1005
describ,1006
scene,1007
bygon,1008
nich,1009
mother,1010
ago,1011
fulli,1012
sein,1013
parisian,1014
barg,1015
franc,1016
popular,1017
raw,1018
oyster,1019
thank,1020
corner,1021
stilt,1022
find,1023
deck,1024
coloni,1025
brugiano,1026
convivi,1027
peasant,1028
della,1029
constant,1030
raviolo,1031
talent,1032
memoria,1033
interior,1034
bread,1035
plain,1036
stand,1037
tower,1038
piedmontes,1039
bell,1040
balanc,1041
justic,1042
delic,1043
temperatur,1044
contrast,1045
method,1046
inspector,1047
someth,1048
acquerello,1049
alp,1050
rather,1051
word,1052
pleas,1053
reflect,1054
eastern,1055
spotlight,1056
hint,1057
lombardi,1058
sum,1059
everyon,1060
side,1061
simpli,1062
lakefront,1063
face,1064
17c,1065
19c,1066
accord,1067
guinea,1068
fowl,1069
chive,1070
specialis,1071
nice,1072
stress,1073
fashion,1074
central,1075
proprietor,1076
zen,1077
previou,1078
arrigoni,1079
mezz,1080
wonder,1081
spaciou,1082
sofa,1083
regi,1084
st,1085
fundament,1086
pillar,1087
gem,1088
hors,1089
drawn,1090
carriag,1091
armchair,1092
winter,1093
truffl,1094
glori,1095
pacentro,1096
amid,1097
impos,1098
maze,1099
town,1100
salad,1101
butcher,1102
1940,1103
bistro,1104
nostalg,1105
hamburg,1106
grandson,1107
martini,1108
cuneo,1109
watermil,1110
pie,1111
puglia,1112
savouri,1113
sail,1114
hall,1115
stuf,1116
vall,1117
schlutzkrapfen,1118
term,1119
sauerkraut,1120
sauc,1121
appreci,1122
sausag,1123
potato,1124
hike,1125
aurina,1126
oil,1127
sfogli,1128
mustard,1129
keep,1130
pumpkin,1131
seed,1132
aliv,1133
spinach,1134
ski,1135
patat,1136
landscap,1137
durnwald,1138
fritter,1139
genuin,1140
ravioli,1141
particip,1142
pietro,1143
undergon,1144
vegan,1145
man,1146
wit,1147
philosoph,1148
world,1149
80,1150
gluten,1151
free,1152
academyaim,1153
essenc,1154
leemann,1155
aspect,1156
dream,1157
textur,1158
bear,1159
concept,1160
introduc,1161
spiritu,1162
itsjoia,1163
medici,1164
plan,1165
arno,1166
brunelleschi,1167
florentin,1168
renaiss,1169
evok,1170
fabric,1171
chessboard,1172
veneto,1173
section,1174
seen,1175
annamaria,1176
signora,1177
fireplac,1178
1877,1179
courmayeur,1180
spring,1181
ad,1182
pick,1183
virginia,1184
enchant,1185
matur,1186
creeper,1187
scottadito,1188
sard,1189
dynam,1190
busi,1191
highli,1192
sardin,1193
offal,1194
live,1195
regularli,1196
shop,1197
line,1198
savor,1199
kept,1200
diner,1201
pizzeria,1202
alon,1203
fellow,1204
pizza,1205
ticket,1206
tale,1207
travel,1208
marinara,1209
margherita,1210
mozzarella,1211
1870,1212
number,1213
call,1214
oregano,1215
seat,1216
realli,1217
garlic,1218
share,1219
found,1220
second,1221
issu,1222
sens,1223
certainli,1224
minimum,1225
exclud,1226
requir,1227
conveni,1228
kidney,1229
park,1230
marsala,1231
disappoint,1232
see,1233
fan,1234
car,1235
1920,1236
langh,1237
lamb,1238
team,1239
crenel,1240
gronchi,1241
nicola,1242
current,1243
applaud,1244
1966,1245
versilian,1246
real,1247
versilia,1248
everyth,1249
expertis,1250
institut,1251
romano,1252
technic,1253
unsurprisingli,1254
metr,1255
door,1256
vault,1257
mark,1258
brick,1259
guidara,1260
promontori,1261
echo,1262
ferment,1263
therasia,1264
belov,1265
afraid,1266
sunset,1267
sou,1268
david,1269
shorter,1270
colucci,1271
improvis,1272
least,1273
gianluca,1274
onofrio,1275
pagnotto,1276
final,1277
island,1278
move,1279
tenerumi,1280
alreadi,1281
last,1282
execut,1283
pasticceria,1284
support,1285
flourish,1286
prefer,1287
blaze,1288
vulcanello,1289
enhanc,1290
storehous,1291
belong,1292
grace,1293
hang,1294
neighbour,1295
state,1296
artist,1297
near,1298
grain,1299
papal,1300
loop,1301
indic,1302
veal,1303
rural,1304
lower,1305
gener,1306
cattivelli,1307
shallot,1308
1947,1309
river,1310
conserv,1311
po,1312
mushroom,1313
caramelis,1314
macaroni,1315
plateau,1316
lake,1317
scheme,1318
must,1319
shore,1320
1960,1321
lover,1322
parmigiana,1323
1965,1324
berri,1325
mid,1326
soup,1327
meringu,1328
background,1329
demonstr,1330
daughter,1331
garda,1332
francesca,1333
pair,1334
giuliana,1335
memor,1336
riesl,1337
aubergin,1338
bucol,1339
design,1340
reput,1341
enthusiasm,1342
000,1343
mainli,1344
vertic,1345
vigilio,1346
worth,1347
clad,1348
crafun,1349
oldest,1350
krapf,1351
ragú,1352
mean,1353
occhiovivo,1354
bistrot,1355
refer,1356
visconti,1357
say,1358
equal,1359
tapa,1360
film,1361
ball,1362
luchino,1363
leopard,1364
venetian,1365
primi,1366
week,1367
guardroom,1368
cicchetti,1369
michel,1370
thought,1371
lazio,1372
hill,1373
spirit,1374
calistri,1375
farnes,1376
amatriciana,1377
restuar,1378
inevit,1379
bunet,1380
fondu,1381
agnolotti,1382
villanova,1383
blindfold,1384
strong,1385
southern,1386
galleri,1387
asparagu,1388
rock,1389
tufa,1390
capit,1391
bernes,1392
cuttlefish,1393
kilometr,1394
addit,1395
exhibit,1396
pay,1397
quiet,1398
pleasantli,1399
relax,1400
steam,1401
unexpect,1402
whenev,1403
1922,1404
eel,1405
shell,1406
crab,1407
scallop,1408
fourth,1409
meanwhil,1410
stood,1411
mayonnais,1412
capanna,1413
blue,1414
strang,1415
relief,1416
seven,1417
sole,1418
delta,1419
eraclio,1420
artichok,1421
currant,1422
architectur,1423
11c,1424
begin,1425
porcini,1426
impero,1427
function,1428
locanda,1429
adjoin,1430
jerusalem,1431
price,1432
moder,1433
head,1434
ingles,1435
trail,1436
trifl,1437
multicultur,1438
class,1439
bolognina,1440
tortellini,1441
tozuppa,1442
partner,1443
worthi,1444
chic,1445
ambiti,1446
innov,1447
bronz,1448
trafilata,1449
whatev,1450
ligurian,1451
roast,1452
bronzo,1453
impecc,1454
asti,1455
fire,1456
mare,1457
give,1458
advic,1459
phrase,1460
counter,1461
chat,1462
alberto,1463
reign,1464
angiolucci,1465
formula,1466
macellaria,1467
florenc,1468
visitor,1469
quick,1470
morn,1471
cold,1472
elabor,1473
roof,1474
focaccia,1475
palermo,1476
duca,1477
stew,1478
rino,1479
decid,1480
marseil,1481
tuck,1482
worthwhil,1483
bold,1484
sfincion,1485
journey,1486
eclect,1487
divid,1488
rang,1489
distanc,1490
bob,1491
veranda,1492
milanes,1493
ora,1494
trentino,1495
peak,1496
sailboat,1497
ruffl,1498
berico,1499
mostli,1500
minut,1501
intern,1502
asolo,1503
evoc,1504
parker,1505
domenico,1506
extraordinari,1507
candela,1508
afield,1509
vesuviu,1510
compet,1511
task,1512
remark,1513
learnt,1514
extend,1515
panorama,1516
challeng,1517
accommod,1518
sip,1519
experienc,1520
sweet,1521
cotta,1522
couli,1523
nestl,1524
persimmon,1525
venison,1526
clever,1527
barbera,1528
tooth,1529
almond,1530
cauliflow,1531
panna,1532
whitefish,1533
asian,1534
acid,1535
roe,1536
aromat,1537
fusion,1538
via,1539
cernobbio,1540
pickl,1541
bitter,1542
lighter,1543
spice,1544
triest,1545
concentr,1546
piec,1547
deco,1548
nois,1549
lie,1550
dwell,1551
disturb,1552
mill,1553
railway,1554
rear,1555
omakas,1556
regret,1557
trust,1558
sashimi,1559
voyag,1560
singl,1561
japan,1562
sushi,1563
imperator,1564
act,1565
monkfish,1566
9pm,1567
start,1568
prato,1569
green,1570
miso,1571
kelp,1572
swim,1573
promenad,1574
eye,1575
nardini,1576
simon,1577
terracina,1578
tastebud,1579
800,1580
train,1581
overseen,1582
jorg,1583
sonya,1584
kevin,1585
frill,1586
precis,1587
winner,1588
engag,1589
adject,1590
natali,1591
pralin,1592
unnecessari,1593
magnum,1594
warmth,1595
individu,1596
kuppelrain,1597
fuss,1598
trafoier,1599
posit,1600
element,1601
3,1602
father,1603
litr,1604
2022,1605
fruit,1606
doubl,1607
profession,1608
effici,1609
punctual,1610
15c,1611
lift,1612
clam,1613
kind,1614
bake,1615
casa,1616
quickli,1617
escalop,1618
dice,1619
leopoldo,1620
tyrrhenian,1621
signatur,1622
order,1623
dentex,1624
keen,1625
elefant,1626
angelina,1627
bream,1628
violetta,1629
anchovi,1630
monferrini,1631
tuna,1632
bonet,1633
extrem,1634
pepper,1635
finanziera,1636
await,1637
casual,1638
flavor,1639
octob,1640
age,1641
exceedingli,1642
nel,1643
crowd,1644
stretch,1645
join,1646
12,1647
tranquil,1648
permit,1649
anywher,1650
treatment,1651
undeni,1652
onto,1653
drop,1654
process,1655
underst,1656
common,1657
campanian,1658
praiano,1659
seascap,1660
equip,1661
virtu,1662
cielo,1663
west,1664
dramat,1665
piano,1666
umbrella,1667
detail,1668
club,1669
jaw,1670
hydrotherapi,1671
environ,1672
astonish,1673
tone,1674
morsi,1675
bite,1676
morsetti,1677
appetis,1678
salumi,1679
navona,1680
rome,1681
bartend,1682
marbl,1683
vincenzo,1684
vi,1685
exemplifi,1686
shape,1687
lamppost,1688
incarn,1689
muse,1690
neighborhood,1691
deliri,1692
boccia,1693
eight,1694
stori,1695
point,1696
known,1697
clamor,1698
emanuel,1699
corso,1700
waterfront,1701
spot,1702
soak,1703
multi,1704
extravagantli,1705
slope,1706
save,1707
empir,1708
iron,1709
curv,1710
similarli,1711
attach,1712
probabl,1713
thrillingli,1714
promin,1715
rooftop,1716
bathroom,1717
public,1718
masterpiec,1719
fioravant,1720
colonnad,1721
configur,1722
stadium,1723
direct,1724
vittorio,1725
hilli,1726
dusk,1727
bit,1728
bidder,1729
treasur,1730
longer,1731
chaotic,1732
ladi,1733
urban,1734
antonio,1735
anoth,1736
gone,1737
remind,1738
life,1739
former,1740
sound,1741
champion,1742
finger,1743
half,1744
heat,1745
airi,1746
announc,1747
sister,1748
casentino,1749
camaldoli,1750
cedro,1751
fore,1752
lodg,1753
hunt,1754
maggior,1755
400m,1756
chain,1757
mottaron,1758
self,1759
altitud,1760
learn,1761
game,1762
reach,1763
climb,1764
speak,1765
suppli,1766
taught,1767
carp,1768
boar,1769
bean,1770
trasimeno,1771
offanengo,1772
vale,1773
crema,1774
fabio,1775
oltrepò,1776
bravo,1777
show,1778
paves,1779
europ,1780
folli,1781
astra,1782
alessandro,1783
tre,1784
riso,1785
hold,1786
bomba,1787
sturgeon,1788
weekday,1789
rice,1790
tortelli,1791
zuppa,1792
mould,1793
anolini,1794
padana,1795
cappon,1796
onward,1797
lightli,1798
carlo,1799
magro,1800
harbour,1801
mattia,1802
cabinet,1803
iva,1804
portofino,1805
peci,1806
cracco,1807
pitosforo,1808
spezia,1809
softli,1810
pigeon,1811
filippo,1812
gaetano,1813
valuabl,1814
exchang,1815
val,1816
coll,1817
arezzo,1818
scapecchi,1819
master,1820
gain,1821
trovato,1822
wish,1823
arnolfo,1824
distinct,1825
consist,1826
brescia,1827
contribut,1828
clearli,1829
snail,1830
franco,1831
tribut,1832
kid,1833
cremona,1834
taken,1835
piazzetta,1836
tempt,1837
tiberio,1838
casatiello,1839
pant,1840
factor,1841
swing,1842
décor,1843
explain,1844
seasid,1845
lightest,1846
hit,1847
opportun,1848
gulf,1849
54,1850
strewn,1851
thick,1852
sixti,1853
majesti,1854
effortless,1855
cater,1856
black,1857
cue,1858
jacki,1859
fair,1860
palac,1861
palett,1862
kick,1863
linen,1864
firmli,1865
greedi,1866
cinema,1867
neighbor,1868
hardli,1869
bent,1870
cascad,1871
kosher,1872
april,1873
suav,1874
object,1875
heavi,1876
lay,1877
aid,1878
embodi,1879
gentl,1880
hoard,1881
hotspot,1882
mod,1883
cuban,1884
jazzi,1885
hospit,1886
dot,1887
statu,1888
beguil,1889
mojito,1890
key,1891
tiberiu,1892
reclus,1893
boccondivino,1894
bra,1895
slow,1896
manag,1897
valu,1898
hearti,1899
tonnato,1900
money,1901
vitello,1902
liter,1903
arch,1904
pensando,1905
think,1906
help,1907
umbertid,1908
china,1909
everywher,1910
provinc,1911
case,1912
south,1913
ethnic,1914
spici,1915
becom,1916
szechuan,1917
gradual,1918
capres,1919
scuncilli,1920
radish,1921
fri,1922
lettuc,1923
favorita,1924
opul,1925
verdant,1926
soy,1927
yuzu,1928
taco,1929
pot,1930
exot,1931
peru,1932
squid,1933
pea,1934
atyp,1935
americano,1936
american,1937
yuyo,1938
umbrin,1939
saltwort,1940
seawe,1941
plant,1942
umeboshi,1943
antipasti,1944
nole,1945
breakfast,1946
pescara,1947
sustain,1948
anim,1949
lazzarini,1950
system,1951
welfar,1952
isol,1953
cultiv,1954
livestock,1955
brought,1956
uphil,1957
crop,1958
friend,1959
farm,1960
seriana,1961
reviv,1962
gilmor,1963
pear,1964
verd,1965
month,1966
gatto,1967
au,1968
laura,1969
massimo,1970
maria,1971
cosmopolitan,1972
gratin,1973
luigia,1974
spit,1975
clientel,1976
puré,1977
finish,1978
36,1979
bottura,1980
montreal,1981
canada,1982
cane,1983
archaeolog,1984
expect,1985
homemad,1986
scampi,1987
alba,1988
fassona,1989
maccheroncini,1990
exquisit,1991
damiano,1992
nigro,1993
piedmont,1994
mazzara,1995
acquir,1996
ground,1997
sesam,1998
charleston,1999
café,2000
mondello,2001
becam,2002
padano,2003
grana,2004
24,2005
voghera,2006
lomellina,2007
gaudenzio,2008
lambrusco,2009
upper,2010
turbot,2011
entrepreneur,2012
bought,2013
saltimbocca,2014
utini,2015
monopoli,2016
reassur,2017
venosa,2018
latin,2019
poet,2020
matera,2021
horatio,2022
sassi,2023
genoa,2024
guid,2025
naturalité,2026
lucassino,2027
arriv,2028
romeo,2029
ducass,2030
alain,2031
de,2032
ristorant,2033
prestigi,2034
comandant,2035
faith,2036
1991,2037
premis,2038
9th,2039
nutriti,2040
mentor,2041
fregula,2042
sitzigorru,2043
sardinia,2044
bagna,2045
cun,2046
culurgion,2047
bue,2048
sardinian,2049
tend,2050
biancu,2051
casserol,2052
su,2053
fillet,2054
malloreddu,2055
pappai,2056
rosso,2057
sebada,2058
blancmang,2059
other,2060
picturesqu,2061
perhap,2062
trademark,2063
societi,2064
catania,2065
1930,2066
da,2067
turi,2068
bellini,2069
baron,2070
nouveau,2071
barbecu,2072
finocchiaro,2073
teatro,2074
trio,2075
università,2076
healthi,2077
culmin,2078
pierantonio,2079
loro,2080
skimp,2081
maintain,2082
lab,2083
rocchetti,2084
relationship,2085
store,2086
400,2087
catch,2088
fishmong,2089
marina,2090
soul,2091
actual,2092
downhil,2093
success,2094
memori,2095
happi,2096
evid,2097
emin,2098
grew,2099
kosovo,2100
velvet,2101
harmoni,2102
stool,2103
caviar,2104
haziri,2105
feo,2106
fewer,2107
2024,2108
painter,2109
paid,2110
fact,2111
inland,2112
resolut,2113
cattl,2114
avenu,2115
pine,2116
maritim,2117
brazilian,2118
bruno,2119
familiar,2120
pass,2121
estat,2122
vineyard,2123
cypress,2124
cossio,2125
charcoal,2126
majest,2127
obviou,2128
moura,2129
maremma,2130
denomin,2131
howev,2132
postcard,2133
luigi,2134
nonetheless,2135
nicoletta,2136
gargnano,2137
tramontano,2138
factori,2139
fornari,2140
consolid,2141
doria,2142
etra,2143
ferrari,2144
genova,2145
dozen,2146
nobl,2147
concis,2148
anagram,2149
rolli,2150
cannavino,2151
magnific,2152
palazzi,2153
apt,2154
omit,2155
written,2156
letter,2157
descript,2158
outskirt,2159
nowaday,2160
piselli,2161
guess,2162
spent,2163
calamaro,2164
perugia,2165
articl,2166
biodynam,2167
preposit,2168
monachil,2169
lama,2170
jamantè,2171
night,2172
puglian,2173
nervi,2174
cantin,2175
crow,2176
dual,2177
friuli,2178
border,2179
absolut,2180
slovenian,2181
fli,2182
devetak,2183
sixth,2184
eas,2185
lo,2186
watch,2187
clue,2188
nuvola,2189
cloud,2190
northern,2191
felic,2192
secret,2193
brilliant,2194
go,2195
put,2196
basso,2197
entertain,2198
depend,2199
felix,2200
leg,2201
lend,2202
goos,2203
frog,2204
nut,2205
oasi,2206
mia,2207
fiordilatt,2208
riviera,2209
chocol,2210
substanti,2211
tuesday,2212
amount,2213
friday,2214
box,2215
quicker,2216
capelli,2217
manti,2218
cavalieri,2219
angelo,2220
benedetto,2221
1442,2222
decidedli,2223
shrimp,2224
cross,2225
angel,2226
galateo,2227
dominican,2228
celeri,2229
hair,2230
breed,2231
industri,2232
york,2233
major,2234
signific,2235
specialti,2236
grotto,2237
scordo,2238
viaggio,2239
goat,2240
carv,2241
2014,2242
forget,2243
quel,2244
alessio,2245
non,2246
strudel,2247
che,2248
appl,2249
dal,2250
flavia,2251
warehous,2252
astut,2253
hosteria,2254
toblino,2255
foundat,2256
handl,2257
virtual,2258
platform,2259
photograph,2260
cathedr,2261
claim,2262
reason,2263
elisabetta,2264
caldarium,2265
era,2266
honor,2267
museum,2268
charg,2269
absorb,2270
legitim,2271
better,2272
treadmil,2273
question,2274
account,2275
subtli,2276
inch,2277
gym,2278
thorough,2279
42,2280
whether,2281
thread,2282
byzantin,2283
religi,2284
strength,2285
televis,2286
unit,2287
could,2288
plump,2289
rack,2290
physic,2291
rocket,2292
ran,2293
sell,2294
son,2295
branch,2296
grandfath,2297
fabrizio,2298
easi,2299
mellino,2300
unusu,2301
henc,2302
chilli,2303
templ,2304
egg,2305
raffael,2306
passi,2307
warmli,2308
began,2309
quattro,2310
roquefort,2311
canton,2312
hen,2313
marzano,2314
feast,2315
gavi,2316
novi,2317
weekend,2318
raia,2319
180,2320
sei,2321
fertil,2322
ligur,2323
rossi,2324
employe,2325
steiner,2326
school,2327
cairo,2328
ecosystem,2329
hectar,2330
balbianello,2331
coffe,2332
complic,2333
comacina,2334
overli,2335
advis,2336
12c,2337
pagliazza,2338
santi,2339
prison,2340
women,2341
torr,2342
blanch,2343
advanc,2344
rocco,2345
tret,2346
except,2347
snowsho,2348
excurs,2349
courgett,2350
fiumicino,2351
underpin,2352
coastal,2353
cevich,2354
kaluga,2355
pascucci,2356
amur,2357
vanessa,2358
overse,2359
orient,2360
gurnard,2361
profondo,2362
provenc,2363
bonu,2364
fa,2365
si,2366
fano,2367
salvia,2368
fritto,2369
può,2370
chi,2371
smile,2372
amus,2373
shabbi,2374
rose,2375
herbert,2376
hintner,2377
rout,2378
tyrolean,2379
crest,2380
version,2381
zur,2382
ident,2383
1300,2384
falter,2385
wave,2386
ceram,2387
18c,2388
ecuador,2389
librari,2390
cantù,2391
forio,2392
terracotta,2393
rabbit,2394
mussel,2395
1949,2396
love,2397
ischian,2398
zampognaro,2399
led,2400
girl,2401
orob,2402
dairi,2403
brembo,2404
meadow,2405
agriturismo,2406
fairytal,2407
declar,2408
oristano,2409
vernaccia,2410
toward,2411
murrua,2412
sini,2413
aroma,2414
matares,2415
liquoric,2416
ivan,2417
pintadera,2418
mutton,2419
cheek,2420
kursaal,2421
nearli,2422
penthous,2423
worri,2424
20,2425
alkerm,2426
crackl,2427
cicchetteria,2428
compromis,2429
100,2430
austrian,2431
expand,2432
flere,2433
chemic,2434
saddl,2435
treat,2436
fed,2437
feuerstein,2438
characterist,2439
vipiteno,2440
scorzonera,2441
marcelli,2442
closer,2443
tina,2444
5,2445
male,2446
grandmoth,2447
arca,2448
elegantli,2449
certifi,2450
massimiliano,2451
owe,2452
definit,2453
tempura,2454
hazelnut,2455
granita,2456
caught,2457
grapefruit,2458
introduct,2459
3ha,2460
botania,2461
grower,2462
mirto,2463
lush,2464
decis,2465
bologna,2466
orchestr,2467
painstak,2468
borromeo,2469
mantuan,2470
renownedsbrisolonacak,2471
caper,2472
mash,2473
polenta,2474
includingsorbir,2475
mantova,2476
connoisseur,2477
fill,2478
lesser,2479
paper,2480
177,2481
fifth,2482
toledo,2483
handmad,2484
tombola,2485
manner,2486
recal,2487
viterbo,2488
lezzereni,2489
sutri,2490
antico,2491
countrysid,2492
cusumano,2493
nero,2494
offshor,2495
observ,2496
surprisingli,2497
creami,2498
pinot,2499
700,2500
etna,2501
chardonnay,2502
smoke,2503
caldura,2504
perspect,2505
calett,2506
luna,2507
outcrop,2508
presidiana,2509
mari,2510
rocca,2511
dario,2512
appli,2513
cala,2514
pandolfo,2515
air,2516
rizz,2517
dialect,2518
argaj,2519
satisfact,2520
appropri,2521
tartar,2522
ero,2523
distinctli,2524
moreno,2525
unspoilt,2526
clandestino,2527
cedroni,2528
trendi,2529
susci,2530
11pm,2531
restrict,2532
7am,2533
delicatessen,2534
bolder,2535
tassa,2536
bend,2537
nù,2538
60km,2539
unlimit,2540
eschew,2541
heard,2542
commit,2543
delicaci,2544
bosco,2545
pinch,2546
aosta,2547
lillaz,2548
understand,2549
suitabl,2550
paradiso,2551
char,2552
billia,2553
marjoram,2554
gran,2555
ink,2556
includesard,2557
saor,2558
brickwork,2559
glimps,2560
venic,2561
dallamano,2562
divers,2563
six,2564
frescada,2565
valerio,2566
rio,2567
alajmo,2568
partli,2569
000m,2570
sweden,2571
cervinia,2572
lapland,2573
scandinavian,2574
breuil,2575
2,2576
salami,2577
gioie,2578
barley,2579
exist,2580
law,2581
maison,2582
bellevu,2583
fittingli,2584
floral,2585
asid,2586
alpag,2587
product,2588
favor,2589
clock,2590
draperi,2591
landmark,2592
novella,2593
cap,2594
milk,2595
hut,2596
civil,2597
bathtub,2598
thoroughli,2599
instanc,2600
though,2601
fromag,2602
snow,2603
glorious,2604
nation,2605
chalet,2606
swiss,2607
cogn,2608
adult,2609
foot,2610
1926,2611
rel,2612
poster,2613
profumo,2614
dropper,2615
own,2616
undevelop,2617
practic,2618
grandeur,2619
prevent,2620
brasseri,2621
honey,2622
orso,2623
sant,2624
nest,2625
freestand,2626
cozili,2627
dip,2628
relazioni,2629
elderberri,2630
une,2631
emuls,2632
namelaka,2633
novo,2634
acquedotto,2635
mundo,2636
hallmark,2637
phi,2638
costa,2639
nightclub,2640
smeralda,2641
glamour,2642
tripe,2643
transfer,2644
baldassarr,2645
oxtail,2646
hadrian,2647
rivarola,2648
panzanella,2649
narducci,2650
21,2651
page,2652
tivoli,2653
baldassar,2654
bun,2655
dumpl,2656
canederli,2657
buchteln,2658
pressati,2659
quail,2660
forc,2661
intorcia,2662
foam,2663
depict,2664
minnuzza,2665
fisichella,2666
devot,2667
caltagiron,2668
nunzio,2669
perfectli,2670
candi,2671
oleand,2672
agata,2673
stravecchio,2674
mood,2675
tell,2676
acquaint,2677
noth,2678
liberti,2679
juic,2680
wagyu,2681
zippl,2682
stephan,2683
alcohol,2684
holzner,2685
renon,2686
nod,2687
thing,2688
deliv,2689
station,2690
8,2691
neighbourhood,2692
attilio,2693
busiest,2694
liveliest,2695
wait,2696
may,2697
1938,2698
fluffi,2699
fussi,2700
colmetto,2701
drawback,2702
sweetbread,2703
addict,2704
honest,2705
avoid,2706
zone,2707
traffic,2708
immedi,2709
youth,2710
alfonso,2711
croce,2712
tegamaccio,2713
1970,2714
niko,2715
research,2716
sangro,2717
identifi,2718
romito,2719
easili,2720
spellbound,2721
appar,2722
foothil,2723
toast,2724
capricciosa,2725
buffalo,2726
obvious,2727
lucio,2728
convey,2729
intend,2730
assisi,2731
abbey,2732
entic,2733
virgin,2734
condiment,2735
extra,2736
gold,2737
peanut,2738
sauri,2739
andrea,2740
malga,2741
emigr,2742
riccardo,2743
francesco,2744
scale,2745
gambero,2746
calabria,2747
anna,2748
septemb,2749
chapter,2750
sculli,2751
reggio,2752
everyday,2753
expens,2754
wealth,2755
stranger,2756
brioch,2757
matteo,2758
brianza,2759
stracchino,2760
ancestr,2761
gather,2762
minimis,2763
caramel,2764
vergin,2765
criteria,2766
aspro,2767
crown,2768
qafiz,2769
prolong,2770
revolutionari,2771
late,2772
drive,2773
countless,2774
nordic,2775
expertli,2776
ciro,2777
senes,2778
mop,2779
gloriou,2780
cinta,2781
scarpetta,2782
mocellin,2783
plin,2784
stefano,2785
underli,2786
duck,2787
cassoeula,2788
padova,2789
stuff,2790
legendari,2791
unfussi,2792
resembl,2793
aisl,2794
pastiera,2795
salomon,2796
peke,2797
chines,2798
typifi,2799
gong,2800
meet,2801
east,2802
confus,2803
italo,2804
bassi,2805
mirror,2806
breath,2807
bound,2808
120,2809
huge,2810
involv,2811
bearer,2812
prosecco,2813
condo,2814
mint,2815
fiamma,2816
couscou,2817
casano,2818
respons,2819
pantesco,2820
bacio,2821
etc,2822
music,2823
cacio,2824
fiori,2825
five,2826
pepe,2827
campo,2828
seclud,2829
milanesi,2830
frigoriferi,2831
chandeli,2832
pan,2833
largest,2834
pile,2835
rug,2836
christma,2837
ugolotti,2838
pour,2839
copper,2840
silverwar,2841
coat,2842
frothi,2843
carbonara,2844
appetit,2845
negra,2846
iberian,2847
spain,2848
problem,2849
mayb,2850
senigallia,2851
spanish,2852
pata,2853
omelett,2854
manchego,2855
undiscov,2856
ownership,2857
pellicano,2858
matter,2859
notabl,2860
pathway,2861
gorgeou,2862
pack,2863
lack,2864
elbow,2865
unto,2866
rocki,2867
negoti,2868
got,2869
visibl,2870
2021,2871
moor,2872
yacht,2873
fort,2874
pipero,2875
vallicella,2876
maîtr,2877
scamardella,2878
shone,2879
nuova,2880
chiesa,2881
monferrato,2882
bouch,2883
extraordinaryagnolotti,2884
boffa,2885
purest,2886
besid,2887
limonaia,2888
gabriel,2889
accumul,2890
linger,2891
incred,2892
michelino,2893
rosemari,2894
sciò,2895
scent,2896
gioia,2897
weak,2898
pari,2899
blackboard,2900
tablecloth,2901
chalk,2902
intellig,2903
bari,2904
scalera,2905
numer,2906
10,2907
laboratori,2908
salesman,2909
nadia,2910
thinnest,2911
lukewarm,2912
mongiat,2913
30th,2914
fennel,2915
hélène,2916
liver,2917
lard,2918
fell,2919
replac,2920
meantim,2921
bain,2922
vide,2923
nicknam,2924
loin,2925
mine,2926
codol,2927
crust,2928
beat,2929
mazzoleni,2930
carropont,2931
buzz,2932
tasti,2933
bergamo,2934
lobster,2935
oscar,2936
assort,2937
galileo,2938
celest,2939
pallanza,2940
lost,2941
mist,2942
biedermei,2943
bolzano,2944
earn,2945
sign,2946
piccola,2947
peposo,2948
carracci,2949
excess,2950
appealingli,2951
arancino,2952
seek,2953
irpinia,2954
ventr,2955
post,2956
cortina,2957
el,2958
toulà,2959
falzarego,2960
tofan,2961
graziano,2962
request,2963
chioggia,2964
prest,2965
captiv,2966
pretti,2967
wheel,2968
millston,2969
200,2970
effortlessli,2971
papà,2972
gli,2973
pacchero,2974
tradizion,2975
dalla,2976
bianca,2977
carta,2978
planet,2979
16,2980
nostra,2981
campagna,2982
nella,2983
esordi,2984
januari,2985
giampiero,2986
elid,2987
timeless,2988
difficult,2989
substanc,2990
dimora,2991
cordero,2992
grandpar,2993
misto,2994
1990,2995
nina,2996
strongli,2997
trulli,2998
orto,2999
underground,3000
giasàra,3001
baldo,3002
mont,3003
western,3004
partial,3005
sauté,3006
emilian,3007
chard,3008
size,3009
pinewood,3010
7,3011
experiment,3012
visual,3013
bitto,3014
manger,3015
dop,3016
4,3017
valtellina,3018
cembra,3019
dark,3020
import,3021
chicori,3022
broad,3023
500,3024
terrin,3025
pheasant,3026
advantag,3027
patron,3028
carlofortinian,3029
orta,3030
guilio,3031
giulio,3032
cannavacciuolo,3033
vico,3034
crespi,3035
moorish,3036
equens,3037
salinari,3038
enterpris,3039
livorno,3040
drawer,3041
cutleri,3042
adept,3043
ordinari,3044
household,3045
cestello,3046
garag,3047
sage,3048
flan,3049
superbl,3050
cappellaccio,3051
colomb,3052
salon,3053
18ha,3054
longhini,3055
abruzzi,3056
bulgari,3057
pull,3058
carpaccio,3059
pineappl,3060
raspberri,3061
similar,3062
laghi,3063
fattori,3064
orti,3065
byblo,3066
campi,3067
poderi,3068
mascarpon,3069
semifreddo,3070
colli,3071
gianduia,3072
tortonesi,3073
basi,3074
poultri,3075
unchang,3076
1950,3077
renzo,3078
1900,3079
parent,3080
regular,3081
laid,3082
farra,3083
took,3084
worker,3085
lidia,3086
zecchin,3087
discipl,3088
queen,3089
luca,3090
brandini,3091
affect,3092
alciati,3093
smoki,3094
opt,3095
emilia,3096
barberini,3097
elba,3098
marciana,3099
coton,3100
tall,3101
symbol,3102
solid,3103
jasmin,3104
papavero,3105
poppi,3106
carrara,3107
saturday,3108
esperanto,3109
sort,3110
merchant,3111
torchiettibistro,3112
press,3113
graduat,3114
lookout,3115
literatur,3116
marelli,3117
valazza,3118
luisa,3119
novara,3120
officina,3121
usual,3122
chanc,3123
bandwagon,3124
viaggi,3125
theme,3126
esperienz,3127
gate,3128
raciti,3129
magic,3130
ricordi,3131
palmento,3132
idyl,3133
ristoclub,3134
frediano,3135
exact,3136
baccala,3137
trove,3138
cipolla,3139
kistè,3140
shuttl,3141
phone,3142
parco,3143
filosofi,3144
bu,3145
access,3146
shadi,3147
arbour,3148
1973,3149
christoph,3150
scala,3151
genoves,3152
columbu,3153
reliabl,3154
taggiasch,3155
amberjack,3156
crouton,3157
1982,3158
fiera,3159
expo,3160
molis,3161
peac,3162
guido,3163
tajarin,3164
albertina,3165
ragu,3166
yolk,3167
dama,3168
biscuit,3169
belli,3170
accademia,3171
compon,3172
entrust,3173
savour,3174
horizon,3175
curios,3176
soundtrack,3177
supplier,3178
founder,3179
gard,3180
avant,3181
maglio,3182
commend,3183
refug,3184
degan,3185
intramontabili,3186
piedi,3187
per,3188
due,3189
wrought,3190
quest,3191
vezzani,3192
materi,3193
acqua,3194
bocca,3195
terra,3196
padr,3197
acreid,3198
sapori,3199
montani,3200
pig,3201
reloc,3202
suckl,3203
giacinto,3204
palazzolo,3205
guggenheim,3206
tortino,3207
ai,3208
gondolieri,3209
panel,3210
accanto,3211
enclav,3212
angiolieri,3213
zelo,3214
merano,3215
fenoglio,3216
tablewar,3217
settepiatti,3218
colombano,3219
rossini,3220
silvia,3221
cardelli,3222
tournedo,3223
lucca,3224
author,3225
festiv,3226
comic,3227
shelv,3228
draw,3229
courteou,3230
giandujotto,3231
salsa,3232
honour,3233
fasson,3234
boil,3235
foremost,3236
unpredict,3237
dash,3238
vinei,3239
patio,3240
sergio,3241
characteris,3242
guangzhou,3243
sweetcorn,3244
twin,3245
turnip,3246
coconut,3247
flavio,3248
beetroot,3249
marotta,3250
middl,3251
certain,3252
till,3253
uninterrupt,3254
cash,3255
synagogu,3256
hewn,3257
etruscan,3258
2015,3259
uruguay,3260
pavilion,3261
guarneri,3262
artemid,3263
storia,3264
miteco,3265
archestrato,3266
tongu,3267
cascinalenuovo,3268
50,3269
newli,3270
foie,3271
jelli,3272
gra,3273
ferretto,3274
millefeuil,3275
repertoir,3276
ponza,3277
pompeo,3278
fausto,3279
milon,3280
pinerolo,3281
arcad,3282
christian,3283
fragrant,3284
dant,3285
canapino,3286
valid,3287
overflow,3288
tire,3289
15th,3290
locomot,3291
lid,3292
spectacl,3293
gondola,3294
sansepolcro,3295
salvo,3296
dough,3297
kalò,3298
repubblica,3299
machin,3300
distinguish,3301
character,3302
carpigiani,3303
energi,3304
solar,3305
whip,3306
lot,3307
plissn,3308
così,3309
dashi,3310
fabrizia,3311
shitak,3312
fabul,3313
fir,3314
elena,3315
shortest,3316
verpai,3317
needl,3318
meroi,3319
flow,3320
asou,3321
whim,3322
vicenza,3323
marostica,3324
rosina,3325
carri,3326
dens,3327
speck,3328
pappardel,3329
redcurr,3330
auster,3331
1979,3332
quieter,3333
giglio,3334
inject,3335
men,3336
burn,3337
stove,3338
antechamb,3339
tricesimo,3340
fogher,3341
cappuccino,3342
max,3343
raf,3344
classico,3345
calandr,3346
souvenir,3347
oro,3348
reduc,3349
miraval,3350
sight,3351
sizzl,3352
undoubtedli,3353
greet,3354
riva,3355
annex,3356
amphitheatr,3357
corn,3358
pupil,3359
curd,3360
yoghurt,3361
kebab,3362
perbellini,3363
deep,3364
cannara,3365
slowli,3366
sibillini,3367
noto,3368
bianconi,3369
lentil,3370
sector,3371
norcia,3372
seneca,3373
earthquak,3374
vespasia,3375
renato,3376
clusan,3377
iseo,3378
mirabella,3379
filò,3380
dolomit,3381
pomodoro,3382
pappa,3383
santino,3384
pepp,3385
chiara,3386
chromotherapi,3387
sheer,3388
relic,3389
reward,3390
artistri,3391
abl,3392
bath,3393
sakai,3394
gothic,3395
desk,3396
turkish,3397
birthplac,3398
federico,3399
capiello,3400
contain,3401
umbria,3402
improv,3403
cozi,3404
16th,3405
sacrif,3406
jewel,3407
tub,3408
deepli,3409
sauna,3410
larger,3411
write,3412
layout,3413
fumiko,3414
benedict,3415
vestig,3416
latest,3417
commensur,3418
restaurateur,3419
culatello,3420
spigaroli,3421
tipico,3422
bank,3423
buff,3424
collect,3425
vagu,3426
levi,3427
ilario,3428
grappa,3429
wend,3430
brodo,3431
apennin,3432
thetortellini,3433
compens,3434
interestingli,3435
regina,3436
monument,3437
lucia,3438
miniato,3439
pecorino,3440
pici,3441
amici,3442
giulia,3443
pastureland,3444
michela,3445
scarello,3446
godia,3447
knit,3448
venezia,3449
agli,3450
teem,3451
antipasto,3452
sondrio,3453
takeaway,3454
sale,3455
snapper,3456
porto,3457
vecchio,3458
lumpfish,3459
urchin,3460
giovanni,3461
cucumb,3462
ferri,3463
bono,3464
satnav,3465
1945,3466
piacenza,3467
pont,3468
vial,3469
chioccia,3470
bounti,3471
unpretenti,3472
drape,3473
tantalis,3474
sensat,3475
power,3476
signor,3477
umberto,3478
caribbean,3479
tortuga,3480
conjur,3481
eponym,3482
imag,3483
holder,3484
trend,3485
proud,3486
notic,3487
palmi,3488
eater,3489
vinaigrett,3490
cannolo,3491
intrusi,3492
streamlin,3493
gnudi,3494
nettl,3495
angler,3496
brasato,3497
barbaresco,3498
cube,3499
homag,3500
younger,3501
rubik,3502
theatr,3503
tagliolini,3504
cave,3505
approxim,3506
wander,3507
1700,3508
volum,3509
path,3510
illustr,3511
junior,3512
danc,3513
cason,3514
cibreo,3515
pezzo,3516
catherin,3517
attempt,3518
unsuccess,3519
export,3520
said,3521
refriger,3522
paradis,3523
beech,3524
prime,3525
oven,3526
chairman,3527
mao,3528
offici,3529
pantheon,3530
banquet,3531
bulwark,3532
brescian,3533
meatbal,3534
montefalco,3535
fabrizi,3536
camiano,3537
piccolo,3538
martin,3539
pigna,3540
altern,3541
lorenzo,3542
menton,3543
pina,3544
extern,3545
covet,3546
remo,3547
marmo,3548
edoardo,3549
innocenti,3550
ribollita,3551
north,3552
reinvent,3553
weekli,3554
parquet,3555
baronetto,3556
parliament,3557
risorgimento,3558
cavour,3559
carignano,3560
cambio,3561
barolo,3562
turin,3563
pistoletto,3564
creak,3565
entri,3566
sibl,3567
par,3568
cheer,3569
apostolo,3570
concattedral,3571
aurora,3572
aficionado,3573
pastel,3574
enoteca,3575
bluh,3576
reopen,3577
banner,3578
russo,3579
vasocottura,3580
gravi,3581
jar,3582
tour,3583
ocean,3584
freeli,3585
manor,3586
mount,3587
zash,3588
bike,3589
assur,3590
avola,3591
complimentari,3592
encas,3593
oper,3594
thirteen,3595
sleep,3596
blanc,3597
palaud,3598
antich,3599
ten,3600
land,3601
mura,3602
solaika,3603
1995,3604
dull,3605
marrocco,3606
lecc,3607
gallipoli,3608
candl,3609
1704,3610
mulberri,3611
silk,3612
follina,3613
freshli,3614
revel,3615
milano,3616
vertical,3617
una,3618
como,3619
motta,3620
capo,3621
gala,3622
inclement,3623
princip,3624
modena,3625
marmi,3626
preced,3627
livia,3628
ernesto,3629
1890,3630
gastronomi,3631
mario,3632
campanella,3633
pois,3634
punta,3635
scarallo,3636
lino,3637
bill,3638
tomahawk,3639
provolon,3640
steak,3641
ribey,3642
alghero,3643
sheep,3644
rivoluzion,3645
cortil,3646
radici,3647
chessa,3648
hesit,3649
gian,3650
scorzon,3651
shower,3652
glassi,3653
kilomet,3654
vantag,3655
waft,3656
fortei,3657
banya,3658
ostent,3659
toe,3660
privaci,3661
flip,3662
circuit,3663
hamam,3664
slip,3665
hung,3666
bose,3667
amerigo,3668
6,3669
wellb,3670
russian,3671
parti,3672
stroller,3673
60,3674
querceta,3675
enorm,3676
sunni,3677
lcd,3678
somewher,3679
galilei,3680
overs,3681
soundproof,3682
vespucci,3683
curat,3684
check,3685
angular,3686
apuan,3687
pisa,3688
tv,3689
wire,3690
flop,3691
galor,3692
tech,3693
lavend,3694
sprinkl,3695
butler,3696
unapologet,3697
cabana,3698
mini,3699
storm,3700
airport,3701
greatest,3702
fridg,3703
30,3704
escap,3705
finnish,3706
cararra,3707
breez,3708
sandi,3709
utmost,3710
cucolo,3711
whitebait,3712
curri,3713
perata,3714
convinc,3715
marcello,3716
1977,3717
gastrofluvi,3718
maial,3719
crispi,3720
rind,3721
custom,3722
bladder,3723
14c,3724
shoot,3725
budget,3726
dongiò,3727
satisfi,3728
globe,3729
parallelsmenu,3730
creation,3731
maximum,3732
effect,3733
anthoni,3734
asia,3735
total,3736
1800,3737
monti,3738
isid,3739
roll,3740
amiata,3741
cimini,3742
bolsena,3743
letterina,3744
sienes,3745
sla,3746
canino,3747
parolina,3748
stendhal,3749
channel,3750
intrigu,3751
satellit,3752
syndrom,3753
utterli,3754
uffizi,3755
beig,3756
attack,3757
layer,3758
complaint,3759
same,3760
squeez,3761
big,3762
firenz,3763
ought,3764
honestli,3765
murder,3766
brisk,3767
underneath,3768
obligatori,3769
sunday,3770
ciambella,3771
nicolò,3772
filippetto,3773
oblig,3774
nobless,3775
vignola,3776
radicchio,3777
ciociaria,3778
borgobrufa,3779
buffet,3780
gulfi,3781
confirm,3782
embellish,3783
gherardesca,3784
brazil,3785
lavezzini,3786
paolo,3787
neo,3788
palagio,3789
plung,3790
polish,3791
galleon,3792
consum,3793
cerver,3794
melania,3795
antica,3796
career,3797
jacopo,3798
corona,3799
picnic,3800
mupa,3801
mirazur,3802
chieppa,3803
leaven,3804
surgic,3805
marco,3806
laqua,3807
suriano,3808
erbazzon,3809
franciacorta,3810
walnut,3811
frosio,3812
camillo,3813
càuda,3814
vivalda,3815
fountain,3816
capon,3817
monviso,3818
bouillabaiss,3819
piero,3820
200th,3821
reappear,3822
carmagnola,3823
11am,3824
limit,3825
10pm,3826
sanbrit,3827
charcuteri,3828
larch,3829
nuzzo,3830
nerina,3831
andmortandelasalami,3832
thecasolètchees,3833
keyword,3834
maiz,3835
valsugana,3836
sirmion,3837
rucola,3838
scaligero,3839
parma,3840
rubiera,3841
peppino,3842
cantarelli,3843
samboseto,3844
militari,3845
wallpap,3846
savarin,3847
malp,3848
mirella,3849
grouper,3850
mandilli,3851
brodetto,3852
ember,3853
vastes,3854
slogan,3855
chickpea,3856
murgia,3857
grano,3858
trani,3859
arso,3860
toritto,3861
20min,3862
burrata,3863
cerrato,3864
montoro,3865
ramata,3866
itscipolla,3867
lagoon,3868
fast,3869
bacchu,3870
iannotti,3871
krèsio,3872
recreat,3873
succe,3874
pace,3875
hibiscu,3876
psych,3877
blackberri,3878
hide,3879
intestin,3880
cliché,3881
stigghiola,3882
depot,3883
fagon,3884
classici,3885
freedom,3886
express,3887
boer,3888
mano,3889
contrari,3890
stagional,3891
eugenio,3892
flexibl,3893
plum,3894
fingerlim,3895
bluefin,3896
yellow,3897
federica,3898
extravag,3899
amor,3900
molo,3901
passignano,3902
jut,3903
piombino,3904
fortress,3905
bresciana,3906
rovati,3907
leaf,3908
bucchero,3909
skylin,3910
murano,3911
circular,3912
lean,3913
52,3914
redefin,3915
contemporaneità,3916
lastli,3917
hidden,3918
porta,3919
caffè,3920
partenop,3921
fondazion,3922
aprea,3923
mere,3924
genr,3925
venart,3926
donato,3927
uncommonli,3928
ascani,3929
doubt,3930
glam,3931
yard,3932
18,3933
prebugiun,3934
mixtur,3935
taggiasca,3936
albenga,3937
framura,3938
sila,3939
eleven,3940
cirò,3941
pisser,3942
paola,3943
pùzalyandchjùbica,3944
emphasis,3945
resin,3946
social,3947
econom,3948
biafora,3949
farmer,3950
lazarov,3951
corrado,3952
belludia,3953
operaia,3954
mutuo,3955
som,3956
soccorso,3957
associ,3958
mutual,3959
società,3960
rariti,3961
discreet,3962
laguna,3963
lavazza,3964
1895,3965
groceri,3966
129,3967
hilltop,3968
unassum,3969
deal,3970
nuovo,3971
america,3972
frau,3973
hobbyist,3974
delux,3975
brief,3976
degre,3977
quietli,3978
servant,3979
nine,3980
ugento,3981
bigger,3982
lux,3983
entail,3984
tempo,3985
21st,3986
teach,3987
student,3988
poltrona,3989
affair,3990
clash,3991
quarter,3992
lovingli,3993
lavishli,3994
passiv,3995
smallest,3996
townhous,3997
devoto,3998
sarzana,3999
giacomo,4000
lunigiana,4001
alemb,4002
distil,4003
torri,4004
crisci,4005
authorit,4006
fix,4007
haut,4008
marmalad,4009
forerunn,4010
ceraudo,4011
instruct,4012
presenc,4013
caterina,4014
peruvian,4015
offida,4016
venetianbàcaro,4017
remulass,4018
dress,4019
mantra,4020
gin,4021
shrine,4022
caravaggio,4023
competit,4024
pilgrim,4025
project,4026
trabalzini,4027
australia,4028
fasano,4029
rossella,4030
sensori,4031
stream,4032
formazza,4033
tuorlo,4034
harri,4035
abil,4036
metullio,4037
krug,4038
tagliatel,4039
hush,4040
pra,4041
bonus,4042
brisket,4043
giudecca,4044
joint,4045
theodor,4046
strictli,4047
admit,4048
sugar,4049
falser,4050
engel,4051
purist,4052
fortun,4053
concern,4054
conchiglioni,4055
pico,4056
mexican,4057
bechamel,4058
samphir,4059
gallo,4060
degli,4061
artisti,4062
portrait,4063
print,4064
herbier,4065
amo,4066
fondaco,4067
tedeschi,4068
trade,4069
philipp,4070
counterpart,4071
brand,4072
trendiest,4073
starck,4074
paulo,4075
argentina,4076
airaudo,4077
canossa,4078
matilda,4079
exalt,4080
hear,4081
tiramisù,4082
essenzial,4083
traditionalist,4084
stronghold,4085
mareand,4086
fantasi,4087
treviso,4088
ti,4089
loyal,4090
apricena,4091
baronal,4092
shiroya,4093
gyoza,4094
ramen,4095
adapt,4096
rombo,4097
mouthwat,4098
sesso,4099
quarta,4100
battipaglia,4101
meati,4102
otto,4103
trap,4104
piemontes,4105
baja,4106
salicornia,4107
possoni,4108
cell,4109
boathous,4110
code,4111
laera,4112
cartoccio,4113
broaden,4114
castelmagno,4115
rule,4116
anima,4117
sapid,4118
pasqual,4119
target,4120
malaspina,4121
fishbon,4122
basilica,4123
bottagisio,4124
soav,4125
fermo,4126
arco,4127
aretusi,4128
sotto,4129
abeurr,4130
stalk,4131
peppermint,4132
parsley,4133
terzavia,4134
vulcano,4135
nostalgia,4136
chop,4137
barman,4138
1000,4139
bartoli,4140
grillo,4141
wider,4142
banish,4143
oxidis,4144
taster,4145
infus,4146
faraglioni,4147
evelyn,4148
settl,4149
done,4150
supper,4151
member,4152
leek,4153
burnt,4154
romanesco,4155
campsit,4156
thyme,4157
dobbiaco,4158
schüttelbrot,4159
develop,4160
cavolo,4161
tumin,4162
bottoni,4163
mel,4164
varaita,4165
greater,4166
studio,4167
predilect,4168
roy,4169
oval,4170
nduja,4171
cacer,4172
colombia,4173
castelfranco,4174
oak,4175
undoubt,4176
frequent,4177
busier,4178
trastever,4179
ziantoni,4180
shark,4181
cagliaritana,4182
bosana,4183
dogfish,4184
burrida,4185
agliata,4186
skewer,4187
1967,4188
pesticid,4189
fork,4190
arcinazzo,4191
bottega,4192
aminta,4193
50ha,4194
protect,4195
stara,4196
campidano,4197
nora,4198
nightlif,4199
fattoria,4200
cajun,4201
confit,4202
gentian,4203
chianina,4204
teriyaki,4205
svetoni,4206
osmosi,4207
mirko,4208
stilla,4209
bonito,4210
sear,4211
salar,4212
ciasa,4213
elm,4214
olmo,4215
oldani,4216
merli,4217
14,4218
push,4219
rein,4220
cornaredo,4221
hyatt,4222
galleria,4223
maicol,4224
european,4225
motto,4226
hanger,4227
marinad,4228
nemi,4229
strawberri,4230
pannicolo,4231
eugenia,4232
goggi,4233
giorgia,4234
adjac,4235
griffa,4236
ultra,4237
kelina,4238
sassongh,4239
varella,4240
piz,4241
cabl,4242
boè,4243
corvara,4244
exit,4245
accent,4246
allus,4247
tild,4248
reclam,4249
marsh,4250
fool,4251
breathtakingli,4252
sella,4253
sassolungo,4254
trip,4255
dolcedo,4256
propos,4257
bianco,4258
dent,4259
golf,4260
gigant,4261
battisti,4262
cesar,4263
biennal,4264
lionetti,4265
dio,4266
ca,4267
held,4268
vero,4269
arsenal,4270
civitella,4271
tronto,4272
1880,4273
zunica,4274
sceneri,4275
thursday,4276
cartosio,4277
thermal,4278
bigoli,4279
sentenc,4280
peretola,4281
read,4282
outsiz,4283
spill,4284
poggio,4285
cooki,4286
odd,4287
flr,4288
11,4289
inherit,4290
endless,4291
56,4292
siena,4293
corpor,4294
fifti,4295
cutter,4296
needless,4297
court,4298
empti,4299
tenni,4300
bocc,4301
peopl,4302
angolo,4303
centofanti,4304
sacristi,4305
navelli,4306
crème,4307
sagrestia,4308
bruschetta,4309
ambassador,4310
chitarra,4311
mislead,4312
beer,4313
guis,4314
30am,4315
doronzo,4316
novic,4317
ruggiero,4318
calabres,4319
kerkira,4320
corfu,4321
taverna,4322
neat,4323
woodland,4324
unstuffi,4325
quintero,4326
prodigi,4327
juan,4328
child,4329
fallen,4330
enea,4331
nun,4332
barbanera,4333
benedikto,4334
breadcrumb,4335
chiefli,4336
emerg,4337
noteworthi,4338
seabream,4339
numerouscicchetti,4340
enabl,4341
protagonist,4342
battuta,4343
net,4344
cantucci,4345
latini,4346
santo,4347
vin,4348
arancina,4349
caciocavallo,4350
gianfilippo,4351
promis,4352
bisqu,4353
viareggio,4354
shipyard,4355
loaf,4356
sourdough,4357
reminisc,4358
bench,4359
mame,4360
lure,4361
sailor,4362
stripe,4363
pristin,4364
nautic,4365
duplex,4366
2016,4367
massa,4368
believ,4369
distract,4370
legend,4371
crash,4372
stem,4373
spritz,4374
fiorella,4375
lubrens,4376
tile,4377
settlement,4378
sky,4379
siren,4380
sculptur,4381
pale,4382
thru,4383
essenti,4384
supervis,4385
metalwork,4386
viewpoint,4387
gâteau,4388
prelud,4389
curiou,4390
rum,4391
demand,4392
cerea,4393
backlit,4394
seventh,4395
armani,4396
onyx,4397
stunningli,4398
zanini,4399
recycl,4400
tenet,4401
desenzano,4402
naviglio,4403
alessandra,4404
alzaia,4405
explan,4406
coach,4407
mar,4408
ionio,4409
rizzuto,4410
pallon,4411
natal,4412
colder,4413
piacentin,4414
pension,4415
povera,4416
belt,4417
passageway,4418
basement,4419
flask,4420
comprehens,4421
bolognes,4422
calderino,4423
marconi,4424
cutlet,4425
sasso,4426
dna,4427
piergiorgio,4428
liquida,4429
daniela,4430
siviero,4431
cramp,4432
aic,4433
network,4434
therefor,4435
coeliac,4436
alserio,4437
tubladel,4438
ortisei,4439
hay,4440
shank,4441
barn,4442
lace,4443
bacon,4444
pescocostanzo,4445
pillow,4446
buzara,4447
smetana,4448
cookeri,4449
lanzellotti,4450
ju,4451
shellfish,4452
aglianico,4453
silvestro,4454
taurasi,4455
morer,4456
giacomello,4457
nin,4458
terri,4459
sumptuou,4460
occas,4461
alta,4462
stucco,4463
città,4464
galtarossa,4465
kränzelhof,4466
archway,4467
moscato,4468
acacia,4469
montebor,4470
silenc,4471
gualtiero,4472
childhood,4473
marchesi,4474
usai,4475
albereta,4476
nautilu,4477
tiber,4478
lifestyl,4479
ciociara,4480
mural,4481
stylishli,4482
feminin,4483
anchor,4484
profici,4485
copiou,4486
larin,4487
bubbl,4488
ampl,4489
tofana,4490
consider,4491
cervo,4492
slice,4493
brainchild,4494
clime,4495
asanolini,4496
cooler,4497
warmer,4498
marineria,4499
municip,4500
salina,4501
golfo,4502
tenuta,4503
35min,4504
ortica,4505
neither,4506
deconsecr,4507
ignor,4508
elvira,4509
war,4510
noodl,4511
naturalment,4512
suggestioni,4513
robustli,4514
whichev,4515
cilenti,4516
porcelain,4517
hoc,4518
deliber,4519
blind,4520
quinto,4521
maniago,4522
straight,4523
pistachio,4524
quarto,4525
breast,4526
skirt,4527
fun,4528
brindo,4529
realiti,4530
cohes,4531
territori,4532
pompei,4533
conservatori,4534
perez,4535
sagramoso,4536
coppa,4537
outstand,4538
façad,4539
pancetta,4540
beverag,4541
skate,4542
verg,4543
morello,4544
sake,4545
finess,4546
embrac,4547
reli,4548
pre,4549
grassland,4550
widespread,4551
curli,4552
vogu,4553
suspend,4554
embark,4555
sara,4556
manicon,4557
antonini,4558
trinità,4559
hassler,4560
flight,4561
vinegar,4562
guancial,4563
regal,4564
reggia,4565
venaria,4566
bettelmatt,4567
firstli,4568
justifi,4569
prosciutto,4570
secondli,4571
timbal,4572
remodel,4573
dsquared2,4574
enel,4575
brass,4576
takahiko,4577
lopez,4578
gucci,4579
kondo,4580
nostri,4581
nuov,4582
nostr,4583
credenti,4584
breve,4585
boost,4586
receiv,4587
theatric,4588
karim,4589
bistecca,4590
solociccia,4591
specif,4592
verona,4593
applic,4594
liquid,4595
pimpernel,4596
stellaria,4597
fairi,4598
heinrich,4599
schneider,4600
tenderloin,4601
garbanzo,4602
studi,4603
glaze,4604
gisela,4605
enviabl,4606
unhurri,4607
franca,4608
vacat,4609
houseguest,4610
guesthous,4611
li,4612
tier,4613
cinemat,4614
someon,4615
afford,4616
giant,4617
novemb,4618
galli,4619
andora,4620
length,4621
sambuca,4622
undisput,4623
calf,4624
arnaldo,4625
1959,4626
trotter,4627
zabaion,4628
break,4629
aquila,4630
longest,4631
sfoglin,4632
maker,4633
prais,4634
burgundi,4635
1981,4636
proudli,4637
emblem,4638
1717,4639
marchini,4640
pomposa,4641
rebuilt,4642
coratella,4643
referenc,4644
giudia,4645
cannaregio,4646
centocel,4647
prenestino,4648
granda,4649
somewhat,4650
consortium,4651
viaj,4652
sacchi,4653
missoltino,4654
shiso,4655
kombu,4656
claudio,4657
suquet,4658
fold,4659
circolino,4660
sadler,4661
volta,4662
aviano,4663
all,4664
150th,4665
magredi,4666
birthday,4667
nazioni,4668
pordenon,4669
breeder,4670
greco,4671
costanzo,4672
nino,4673
perna,4674
savio,4675
sculptor,4676
zillo,4677
antonello,4678
mauricio,4679
vucciria,4680
gagini,4681
papaya,4682
badia,4683
cement,4684
giorgio,4685
reveal,4686
richard,4687
abou,4688
zaki,4689
sprout,4690
mayo,4691
eaten,4692
hummu,4693
soya,4694
abound,4695
favour,4696
dissect,4697
patricia,4698
sereno,4699
lakeshor,4700
consumm,4701
urquiola,4702
ingiulla,4703
cozzetto,4704
sapio,4705
roberta,4706
cigar,4707
twentieth,4708
blackneroi,4709
blu,4710
breadstick,4711
babà,4712
momento,4713
cucina,4714
attimi,4715
contemporaneo,4716
newest,4717
nameindiniòmean,4718
carnian,4719
job,4720
nowher,4721
indiniò,4722
realis,4723
shortli,4724
multifunct,4725
impli,4726
mantecati,4727
monfettini,4728
pleasur,4729
migliaccio,4730
semi,4731
elich,4732
anacapri,4733
explod,4734
greener,4735
ostiens,4736
fame,4737
gricia,4738
encyclopaed,4739
acquapartita,4740
seri,4741
quantiti,4742
bravaccini,4743
800m,4744
nineteenth,4745
marsupino,4746
immens,4747
prettiest,4748
tourism,4749
indefatig,4750
figur,4751
stüa,4752
perla,4753
cantafio,4754
diet,4755
bewar,4756
pink,4757
succeed,4758
formal,4759
solopiemont,4760
tuttoilresto,4761
harvest,4762
bid,4763
farewel,4764
roughli,4765
crippa,4766
clement,4767
magnolia,4768
marino,4769
sweep,4770
tireless,4771
faccani,4772
casoncelli,4773
rovetta,4774
tablet,4775
fig,4776
corpo,4777
dinato,4778
increas,4779
send,4780
24hr,4781
email,4782
serena,4783
saporium,4784
portico,4785
100ha,4786
ottog,4787
hagen,4788
caramanico,4789
theenotecaon,4790
1882,4791
aromatherapi,4792
fangl,4793
headboard,4794
wintertim,4795
pilat,4796
jacuzzi,4797
occur,4798
motorcycl,4799
gill,4800
row,4801
spare,4802
preciou,4803
rigueur,4804
timber,4805
ladinia,4806
berghotel,4807
gabicc,4808
posillipo,4809
aptli,4810
threshold,4811
maqui,4812
shrub,4813
villadorata,4814
carnaghi,4815
viviana,4816
vares,4817
saba,4818
josta,4819
cagliari,4820
suburb,4821
liner,4822
transatlant,4823
rex,4824
panissa,4825
naval,4826
modica,4827
pineta,4828
nondescript,4829
miki,4830
monterosso,4831
ulmo,4832
libera,4833
contaminazioni,4834
gianello,4835
chestnut,4836
predominantli,4837
bramea,4838
niccolò,4839
colonnata,4840
palumbo,4841
catucci,4842
lardo,4843
refresh,4844
rental,4845
fontanarossa,4846
southeastern,4847
ripe,4848
lime,4849
map,4850
a18,4851
hip,4852
silent,4853
butterfli,4854
graciou,4855
tip,4856
superior,4857
retreat,4858
unclutt,4859
fall,4860
leisur,4861
quirki,4862
unesco,4863
upstat,4864
baroqu,4865
agerola,4866
schito,4867
provola,4868
castelpoto,4869
casertona,4870
teano,4871
curtaton,4872
mincio,4873
beacon,4874
assunta,4875
svevo,4876
gennaro,4877
quintessenza,4878
mescafrancesca,4879
contron,4880
match,4881
circella,4882
beli,4883
quirinal,4884
eden,4885
peter,4886
sandra,4887
cabbag,4888
cherasco,4889
gemma,4890
vanilla,4891
musso,4892
accursio,4893
spoltino,4894
custard,4895
spong,4896
kerm,4897
pud,4898
sliver,4899
cipriani,4900
vendramin,4901
coward,4902
baguett,4903
noël,4904
espresso,4905
balmi,4906
launch,4907
blood,4908
oddli,4909
suppos,4910
fitzgerald,4911
gertrud,4912
amen,4913
hemingway,4914
sunglass,4915
sixteen,4916
thirst,4917
proper,4918
die,4919
golden,4920
motor,4921
sate,4922
smallish,4923
scott,4924
swimmer,4925
fendi,4926
synonym,4927
1931,4928
slim,4929
midday,4930
baglioni,4931
valsassina,4932
vet,4933
freshest,4934
criss,4935
aomi,4936
wagyubeef,4937
hidalgo,4938
significantli,4939
2003,4940
procedur,4941
sa,4942
mandra,4943
azienda,4944
agrituristica,4945
emblemat,4946
prioritis,4947
textil,4948
brunico,4949
ahrntal,4950
moessmer,4951
hinterland,4952
credit,4953
grandios,4954
nurtur,4955
monco,4956
tomberli,4957
féold,4958
pinchiorri,4959
waltz,4960
firework,4961
anni,4962
crescendo,4963
encourag,4964
bonfadini,4965
vermouth,4966
laden,4967
withpiadineflatbread,4968
8pm,4969
rivoli,4970
sitea,4971
progress,4972
scabin,4973
mariella,4974
polo,4975
futur,4976
influenti,4977
madonnina,4978
novelti,4979
forti,4980
salti,4981
1984,4982
technolog,4983
canapé,4984
microcosm,4985
bufala,4986
capodifium,4987
munzillo,4988
hydroelectr,4989
rispo,4990
trabe,4991
marci,4992
anyth,4993
meaning,4994
dialogu,4995
fiorentinaopt,4996
bendato,4997
classi,4998
record,4999
scandinavia,5000
twelv,5001
benjamin,5002
ragout,5003
earth,5004
meravigliao,5005
movi,5006
cacao,5007
holiday,5008
trent,5009
trento,5010
council,5011
iacobucci,5012
agostino,5013
zarri,5014
capestrano,5015
discov,5016
bc,5017
mysteri,5018
block,5019
6c,5020
warrior,5021
revolv,5022
heroic,5023
pezzuto,5024
cereal,5025
poetri,5026
montal,5027
immortalis,5028
writer,5029
rasa,5030
tola,5031
lesina,5032
sfogliatina,5033
marri,5034
soufflé,5035
sformatino,5036
loft,5037
strombolicchio,5038
modifi,5039
tortelloni,5040
perticara,5041
fossa,5042
melt,5043
merlo,5044
capitano,5045
maritozzo,5046
escarol,5047
mazzafegato,5048
card,5049
doorway,5050
spin,5051
ciaffagnon,5052
filanda,5053
involtino,5054
lose,5055
barbara,5056
pasticcio,5057
maccheroni,5058
ferrara,5059
salama,5060
sugo,5061
est,5062
modernis,5063
coriand,5064
pacif,5065
dock,5066
rib,5067
porchetta,5068
scottish,5069
montefeltro,5070
forst,5071
schlosswirt,5072
haller,5073
spimpolo,5074
lui,5075
luisl,5076
ampezzo,5077
incompar,5078
waiter,5079
pastur,5080
file,5081
gaspari,5082
beatric,5083
vilòn,5084
procida,5085
exterior,5086
muro,5087
explos,5088
exagger,5089
cimbron,5090
nascosto,5091
terni,5092
postomean,5093
giardiniera,5094
abat,5095
makorè,5096
fortana,5097
ventresca,5098
stracciatella,5099
baccalà,5100
barbequ,5101
morra,5102
iacopo,5103
camia,5104
luserna,5105
prati,5106
softer,5107
rho,5108
encircl,5109
1994,5110
travertin,5111
doze,5112
undiminish,5113
latt,5114
tune,5115
fior,5116
magona,5117
brusson,5118
laghetto,5119
300m,5120
aya,5121
motorway,5122
1957,5123
ship,5124
king,5125
calvisano,5126
brixen,5127
ost,5128
beurr,5129
higher,5130
bressanon,5131
scuro,5132
adler,5133
alley,5134
baciadonn,5135
piev,5136
narrowest,5137
reggiano,5138
proto,5139
atrani,5140
snowcat,5141
faster,5142
caponata,5143
bakeri,5144
model,5145
siciliana,5146
belveder,5147
robiola,5148
pirandello,5149
eleph,5150
elderflow,5151
rizzo,5152
rend,5153
tack,5154
2020,5155
environment,5156
bishop,5157
bordeaux,5158
zaccardi,5159
giannuzzi,5160
seminario,5161
vescovil,5162
seminari,5163
angelica,5164
magistà,5165
confid,5166
baita,5167
mundan,5168
ferrero,5169
gastro,5170
eateri,5171
pub,5172
carrot,5173
crew,5174
redevelop,5175
framework,5176
marzullo,5177
cotton,5178
cumin,5179
langa,5180
tutto,5181
gamay,5182
opra,5183
potent,5184
piccion,5185
content,5186
cerami,5187
mt,5188
volcano,5189
principl,5190
basic,5191
mantarro,5192
25th,5193
chignola,5194
marubini,5195
spite,5196
farmstead,5197
paprika,5198
fee,5199
hairpin,5200
appoint,5201
proxim,5202
rampant,5203
alassio,5204
cannoli,5205
jam,5206
tano,5207
simonato,5208
nourish,5209
cefalù,5210
ciclopi,5211
gel,5212
bresaola,5213
strachitunt,5214
serina,5215
taragna,5216
orobica,5217
placemat,5218
mathia,5219
giarr,5220
tarallo,5221
baba,5222
forgotten,5223
laetitia,5224
stile,5225
1911,5226
cracker,5227
russi,5228
landi,5229
plaza,5230
thesplendid,5231
adèl,5232
shadow,5233
penultim,5234
royalhotel,5235
gianicolo,5236
tavolara,5237
biagiola,5238
macerata,5239
field,5240
toku,5241
tokuyoshi,5242
horsemeat,5243
friggitello,5244
tataki,5245
neck,5246
yoji,5247
pizzaiola,5248
ceramist,5249
porceddu,5250
busa,5251
maccaron,5252
testaccio,5253
carrozza,5254
coda,5255
ciucci,5256
bino,5257
brain,5258
noli,5259
ricchebuono,5260
defin,5261
incàlmo,5262
naiv,5263
époqu,5264
throwback,5265
paradox,5266
lunasia,5267
puccini,5268
global,5269
fraction,5270
borghes,5271
sought,5272
gild,5273
cardin,5274
ubiquit,5275
damask,5276
periwinkl,5277
tenn,5278
gourmethotel,5279
5km,5280
lago,5281
race,5282
piatto,5283
cycl,5284
caluso,5285
candia,5286
erbaluc,5287
piemont,5288
madoni,5289
bloom,5290
uphold,5291
jealous,5292
europa,5293
asiago,5294
stair,5295
dug,5296
bordighera,5297
bellagio,5298
1954,5299
movement,5300
baganza,5301
boschi,5302
carrega,5303
duchess,5304
lina,5305
louis,5306
regional,5307
exuber,5308
merit,5309
toè,5310
norbert,5311
niederkofl,5312
sforzesco,5313
ega,5314
cajinci,5315
broccoli,5316
gobbetto,5317
overnight,5318
speranzina,5319
espelett,5320
spaghetton,5321
fiorentina,5322
osti,5323
bacaro,5324
initi,5325
olbia,5326
inhabit,5327
dynasti,5328
malatesta,5329
woodsmok,5330
pancak,5331
costum,5332
rye,5333
tirtlan,5334
geröstl,5335
wear,5336
muscat,5337
tart,5338
1987,5339
coniglio,5340
antinori,5341
cleverli,5342
ealai,5343
mart,5344
alfio,5345
ghezzi,5346
test,5347
rovereto,5348
croton,5349
let,5350
ercol,5351
tang,5352
outset,5353
cri,5354
molaro,5355
ginger,5356
orlando,5357
trumpet,5358
bollita,5359
cusago,5360
championship,5361
prophet,5362
footbal,5363
hernan,5364
planeta,5365
pete,5366
joyc,5367
marko,5368
jame,5369
pelizzari,5370
benaco,5371
duo,5372
ghedini,5373
newer,5374
1250,5375
moirago,5376
enclos,5377
riscon,5378
coron,5379
photographi,5380
150m,5381
lumen,5382
nb,5383
5pm,5384
flock,5385
parlour,5386
spumon,5387
betancourt,5388
venezuela,5389
subject,5390
bolgheri,5391
koji,5392
acciderba,5393
facet,5394
captur,5395
affogato,5396
bao,5397
empanada,5398
moriggi,5399
workmanship,5400
ricci,5401
annunziata,5402
icehous,5403
necess,5404
portici,5405
perform,5406
indipendenza,5407
facad,5408
stylist,5409
convers,5410
seamlessli,5411
terribl,5412
primarili,5413
needlessli,5414
sangioves,5415
grate,5416
santuario,5417
safari,5418
acereta,5419
montes,5420
hop,5421
trabetti,5422
alcherm,5423
beata,5424
vegetal,5425
melandri,5426
cat,5427
pc,5428
gleam,5429
cocoon,5430
fellini,5431
plastic,5432
chrome,5433
dolc,5434
devic,5435
glow,5436
vocabulari,5437
forgiven,5438
screen,5439
drama,5440
corian,5441
15,5442
forward,5443
concret,5444
undul,5445
screensav,5446
taxi,5447
remot,5448
wrap,5449
smooth,5450
buf,5451
bowl,5452
150,5453
compani,5454
impronta,5455
90,5456
silkworm,5457
shorelin,5458
organis,5459
grocer,5460
misl,5461
patagonian,5462
minim,5463
lillybet,5464
verdi,5465
sangiovesi,5466
lumira,5467
tortellino,5468
balsam,5469
pave,5470
chemistri,5471
vers,5472
outing,5473
wholem,5474
conclus,5475
padoan,5476
qcina,5477
leandro,5478
malcesin,5479
luppi,5480
bourbon,5481
josè,5482
splendour,5483
frico,5484
farmyard,5485
fossaceca,5486
solina,5487
senator,5488
detract,5489
cappelli,5490
liveli,5491
neutral,5492
spelt,5493
pavement,5494
pirro,5495
extraordinarili,5496
vegetali,5497
macaroon,5498
befit,5499
evoluzion,5500
espa,5501
splurg,5502
plasma,5503
shortag,5504
unwind,5505
mosaic,5506
suffer,5507
detox,5508
internet,5509
torrigiani,5510
loveseat,5511
dainti,5512
pound,5513
sprawl,5514
nobil,5515
mild,5516
camomil,5517
climat,5518
resound,5519
moma,5520
tino,5521
diario,5522
bordo,5523
lele,5524
sciliar,5525
geiser,5526
latemar,5527
sirmiano,5528
passiria,5529
catinaccio,5530
900m,5531
terlano,5532
termeno,5533
girtler,5534
stafler,5535
clitunno,5536
ztl,5537
celebratori,5538
sukiyaki,5539
18th,5540
variat,5541
brunner,5542
heed,5543
grödnerhof,5544
gardena,5545
reimund,5546
disappear,5547
frantoio,5548
casertano,5549
silhouett,5550
unmistak,5551
laticauda,5552
biodivers,5553
giardino,5554
lai,5555
lagunamar,5556
caraf,5557
cinti,5558
umbrichelli,5559
palomba,5560
fritti,5561
stringi,5562
enzo,5563
53,5564
coccia,5565
stracotto,5566
vitel,5567
tonnè,5568
zabajon,5569
quadrilater,5570
jewish,5571
gelliu,5572
breda,5573
opitergium,5574
hue,5575
unfold,5576
isabella,5577
lacco,5578
indigo,5579
casamicciola,5580
palamaro,5581
indaco,5582
bacoli,5583
ameno,5584
cime,5585
manoppello,5586
scalo,5587
sudden,5588
zazzeri,5589
bertoli,5590
madr,5591
cornerston,5592
contamin,5593
met,5594
stuffi,5595
camilla,5596
abocar,5597
apprenticeship,5598
argentin,5599
armerina,5600
pansotti,5601
tuma,5602
galeata,5603
handwritten,5604
chequer,5605
guard,5606
lengthi,5607
driver,5608
cava,5609
menegaldo,5610
taylor,5611
albergo,5612
facial,5613
rethink,5614
rizzoli,5615
burton,5616
vengeanc,5617
128,5618
scarc,5619
elizabeth,5620
publish,5621
intact,5622
cardoon,5623
perpendicular,5624
rump,5625
format,5626
loprior,5627
stresa,5628
cosmo,5629
wafer,5630
cagli,5631
eliseo,5632
fabbrica,5633
mattiacci,5634
ornament,5635
breton,5636
ostentati,5637
giacchini,5638
castrocaro,5639
cosylittl,5640
tirtl,5641
mayr,5642
isarco,5643
cinnamon,5644
sylvan,5645
charmingli,5646
acoust,5647
belé,5648
intric,5649
pattern,5650
shift,5651
lippi,5652
roma,5653
popolo,5654
lobbi,5655
smatter,5656
hustl,5657
acquolina,5658
acquaroof,5659
drench,5660
imposs,5661
inescap,5662
artwork,5663
ensconc,5664
quinson,5665
perno,5666
ruffano,5667
kong,5668
hong,5669
suzzara,5670
sulmona,5671
abbruzzino,5672
lamezia,5673
oltr,5674
fazio,5675
es,5676
bodi,5677
tender,5678
tuff,5679
profeta,5680
reduct,5681
fino,5682
gianfranco,5683
leocorno,5684
contrada,5685
erborinato,5686
langella,5687
samuel,5688
mauro,5689
apprentic,5690
verbena,5691
enbogonè,5692
borlotti,5693
dim,5694
leather,5695
brighten,5696
chamber,5697
lyche,5698
brown,5699
teapot,5700
renzi,5701
prove,5702
conceiv,5703
rebirth,5704
gioconda,5705
francescana,5706
1km,5707
masaki,5708
kuroda,5709
serendipico,5710
nigiri,5711
capannori,5712
teishokuset,5713
osashimi,5714
soverato,5715
frisel,5716
broast,5717
pamper,5718
scopiccio,5719
staf,5720
pescator,5721
aristocraci,5722
ferreri,5723
giandomenico,5724
gambino,5725
encount,5726
bagheria,5727
essenziali,5728
lingotto,5729
scardina,5730
fiat,5731
track,5732
mä,5733
andré,5734
rebosio,5735
crêuza,5736
evidenc,5737
langoustin,5738
song,5739
langosteria,5740
paraggi,5741
bagni,5742
straw,5743
pucia,5744
companion,5745
martella,5746
gimignano,5747
lighten,5748
preziosa,5749
udin,5750
donkey,5751
vietres,5752
giardini,5753
vietri,5754
blasio,5755
fuenti,5756
withsolinawheat,5757
franciosi,5758
omakasetast,5759
giano,5760
millefogli,5761
em,5762
sultano,5763
spaghetto,5764
ciccio,5765
carpacci,5766
caponada,5767
input,5768
taratatà,5769
ss13,5770
gerani,5771
bachelor,5772
sandwich,5773
outlet,5774
ring,5775
worn,5776
cruiser,5777
wi,5778
thinner,5779
toiletri,5780
spoil,5781
sooner,5782
gravel,5783
bathrob,5784
fi,5785
lounger,5786
cordevigo,5787
romanesqu,5788
packag,5789
parasol,5790
sharp,5791
aw,5792
immacul,5793
brook,5794
pastor,5795
ac,5796
signal,5797
recogniz,5798
mazzini,5799
basin,5800
marmot,5801
gentli,5802
oseleta,5803
marra,5804
baretto,5805
nutrit,5806
spider,5807
luggag,5808
bare,5809
partak,5810
seep,5811
corbusi,5812
pompou,5813
cling,5814
monochrom,5815
blindingli,5816
massag,5817
humbl,5818
bless,5819
bag,5820
monzu,5821
funicular,5822
fifteen,5823
candlelight,5824
euro,5825
happen,5826
tragara,5827
octopu,5828
aspic,5829
beneventano,5830
bagno,5831
teverini,5832
pella,5833
comunal,5834
valdarno,5835
montefollonico,5836
montepulciano,5837
creativetapasinfluenc,5838
fettuccin,5839
subdu,5840
affido,5841
illumin,5842
nobuya,5843
bento,5844
mi,5845
te,5846
lovag,5847
ellipt,5848
chronopoulo,5849
passard,5850
robuchon,5851
joël,5852
nolinski,5853
muffl,5854
philip,5855
carpet,5856
borsa,5857
win,5858
palai,5859
offshoot,5860
hark,5861
gola,5862
furlo,5863
scialatielli,5864
mangiala,5865
candel,5866
pignatelli,5867
vita,5868
overwhelm,5869
daria,5870
duti,5871
biolo,5872
determinedli,5873
bruzzon,5874
applaus,5875
cauda,5876
medium,5877
pergin,5878
elisa,5879
blumenstub,5880
mapl,5881
fondoval,5882
grual,5883
montagna,5884
bottom,5885
lefay,5886
pinzolo,5887
maezza,5888
alpeggio,5889
marrow,5890
mugo,5891
dolom,5892
brigida,5893
proven,5894
sticker,5895
erb,5896
surfboard,5897
mercato,5898
apostl,5899
michael,5900
1773,5901
statuett,5902
eighth,5903
apostelstub,5904
eleonora,5905
hamachi,5906
bachmann,5907
wasabi,5908
lessinia,5909
valpolicella,5910
revisit,5911
300ha,5912
verit,5913
15km,5914
volterra,5915
carannant,5916
daunt,5917
mainland,5918
moresca,5919
aplomb,5920
fauna,5921
suprem,5922
brill,5923
teodoro,5924
cannonau,5925
besana,5926
chargril,5927
vermentino,5928
luri,5929
myrtleberri,5930
candlestick,5931
gorini,5932
romagnolo,5933
shown,5934
geographi,5935
integr,5936
impass,5937
inexhaust,5938
restructur,5939
neglect,5940
fracassi,5941
upon,5942
rediscov,5943
deservedli,5944
spruce,5945
stella,5946
gestur,5947
ritual,5948
1126,5949
mango,5950
deer,5951
tagliata,5952
ferrares,5953
beaten,5954
ennio,5955
pe,5956
flaiano,5957
maiellabi,5958
featuresarrosticini,5959
oh,5960
abruzzesetorronenam,5961
trophi,5962
florian,5963
sorrentino,5964
sorbet,5965
todi,5966
canderli,5967
chanterel,5968
costabella,5969
martino,5970
gnocchetti,5971
suffic,5972
feltrinelli,5973
baiocco,5974
daylight,5975
roofbeam,5976
capriat,5977
cantones,5978
selva,5979
specialist,5980
earthi,5981
monach,5982
casamadr,5983
imperi,5984
onlin,5985
subida,5986
austria,5987
slovenia,5988
cacciator,5989
bouchard,5990
manuel,5991
endiv,5992
napolitan,5993
zito,5994
januariu,5995
luciana,5996
awarm,5997
1969,5998
emot,5999
alessandria,6000
triumph,6001
skyscrap,6002
intesa,6003
envisag,6004
speed,6005
height,6006
inde,6007
9,6008
miniatur,6009
montebelluna,6010
sing,6011
troubl,6012
weed,6013
meander,6014
bedroom,6015
scatter,6016
jumbl,6017
attic,6018
mansard,6019
burst,6020
canova,6021
sacrific,6022
sixteenth,6023
marvel,6024
modest,6025
linear,6026
hoteli,6027
mattei,6028
vaiani,6029
strengthen,6030
pontino,6031
agro,6032
london,6033
joy,6034
erbett,6035
vanlangenaek,6036
belgian,6037
aloi,6038
bass,6039
pianist,6040
john,6041
dori,6042
zass,6043
thesopa,6044
coada,6045
richli,6046
parizzi,6047
cristina,6048
testa,6049
cuor,6050
paella,6051
manduria,6052
vinilia,6053
penna,6054
primit,6055
holidaymak,6056
donei,6057
fassa,6058
intertwin,6059
bowerman,6060
mezzanin,6061
villoresi,6062
bruxaboschi,6063
excellentcima,6064
picaggeandpansottipasta,6065
1862,6066
desiderio,6067
ossobuco,6068
pisani,6069
perus,6070
negrini,6071
omaggio,6072
asbacari,6073
confin,6074
sacco,6075
pescatori,6076
verbano,6077
banco,6078
napoli,6079
mausoleum,6080
mahogani,6081
archangel,6082
annarita,6083
dirt,6084
nunziata,6085
parretti,6086
pepenero,6087
gilberto,6088
filindeu,6089
esperienza,6090
vera,6091
musciora,6092
anonym,6093
groan,6094
savona,6095
vescovado,6096
quintogusto,6097
italia,6098
rispoli,6099
toffe,6100
escabech,6101
cheesecak,6102
intensifi,6103
primari,6104
told,6105
infal,6106
esposito,6107
vital,6108
equa,6109
fortifi,6110
cavi,6111
lavagna,6112
bassetti,6113
porticciolo,6114
tyroles,6115
vendemmia,6116
orvieto,6117
tardiva,6118
doc,6119
rita,6120
crumbl,6121
tactuallyhav,6122
citterio,6123
rival,6124
unchart,6125
lombard,6126
went,6127
overst,6128
mecca,6129
rever,6130
ascend,6131
incorpor,6132
seta,6133
rarefi,6134
lavish,6135
craftsmanship,6136
massiv,6137
quadrangl,6138
headquart,6139
mandarin,6140
faultless,6141
oneglia,6142
sarri,6143
prino,6144
beansprout,6145
alpago,6146
ezio,6147
storici,6148
gravit,6149
piatti,6150
movimento,6151
piccini,6152
valeria,6153
proudest,6154
caino,6155
imaginari,6156
ide,6157
ounc,6158
martina,6159
sommità,6160
limeston,6161
cv,6162
whitewash,6163
mansion,6164
cousin,6165
signum,6166
boccadass,6167
jetti,6168
contin,6169
encompass,6170
costantino,6171
discuss,6172
diminut,6173
du,6174
côte,6175
rhône,6176
secondi,6177
fefa,6178
genoveffa,6179
kuccagna,6180
energet,6181
whelk,6182
speci,6183
oili,6184
spatula,6185
agnoli,6186
sorbir,6187
birramisù,6188
vehicl,6189
lanss,6190
ristourànt,6191
cére,6192
valàdess,6193
oubèrgi,6194
frattaubread,6195
huber,6196
leas,6197
disheswith,6198
agnelli,6199
showroom,6200
cookwar,6201
manufactur,6202
giustino,6203
fisheri,6204
marzamemi,6205
950m,6206
sheepfold,6207
1903,6208
chiusi,6209
sanremo,6210
chip,6211
plankton,6212
warhol,6213
andi,6214
berruti,6215
urbino,6216
lagrein,6217
buckwheat,6218
cantinon,6219
masanti,6220
stalwart,6221
prà,6222
castrozza,6223
nass,6224
forlì,6225
slide,6226
slaughterhous,6227
1927,6228
wrong,6229
cotoletta,6230
cetona,6231
antonia,6232
orientali,6233
collio,6234
klugmann,6235
bro,6236
potì,6237
23,6238
floriano,6239
pellegrino,6240
cassinetta,6241
lugagnano,6242
mandatori,6243
ivana,6244
palermino,6245
ristretto,6246
shred,6247
castelli,6248
cacciani,6249
romani,6250
forgiv,6251
gift,6252
normal,6253
schingaro,6254
domingo,6255
egnazia,6256
count,6257
benso,6258
sogno,6259
buratti,6260
1mq,6261
gipponi,6262
betray,6263
admiss,6264
juliet,6265
payabl,6266
particolar,6267
verdur,6268
tondo,6269
informal,6270
decorazioni,6271
elegant,6272
declinata,6273
fresca,6274
ottima,6275
scelta,6276
servizio,6277
seral,6278
produttori,6279
colorata,6280
abbazia,6281
quasi,6282
proprietà,6283
degustazion,6284
ambienti,6285
affreschi,6286
anch,6287
sontuosi,6288
sono,6289
provenienti,6290
proposta,6291
francica,6292
lussuoso,6293
menù,6294
scomponibili,6295
imprezios,6296
stagion,6297
fidati,6298
dello,6299
pranzo,6300
sosta,6301
camino,6302
vegetariano,6303
cuoco,6304
locali,6305
giovan,6306
risultato,6307
completata,6308
allevato,6309
più,6310
cornic,6311
enoica,6312
vomero,6313
biscotti,6314
mengoni,6315
lungarno,6316
1961,6317
ugo,6318
velveti,6319
fontanafredda,6320
sensit,6321
winckel,6322
amaron,6323
general,6324
fragsburg,6325
fune,6326
heiss,6327
tyrol,6328
shoulder,6329
egon,6330
prezioso,6331
leon,6332
transumanza,6333
chitterl,6334
ritorno,6335
tiglio,6336
recanati,6337
tobiko,6338
mazzaroni,6339
sibilla,6340
destroy,6341
combo,6342
bislacco,6343
wing,6344
whimsic,6345
manfredi,6346
festoon,6347
fourteen,6348
spear,6349
colosseum,6350
academi,6351
stick,6352
smartest,6353
gladiat,6354
renata,6355
shield,6356
purpos,6357
fimiani,6358
singular,6359
unmatch,6360
vedel,6361
dome,6362
iorio,6363
imbu,6364
xx,6365
genoes,6366
settembr,6367
burratina,6368
dv,6369
dolomieu,6370
fond,6371
tidi,6372
reinforc,6373
brunello,6374
agavi,6375
aragones,6376
barrel,6377
babi,6378
rosita,6379
leoni,6380
hazel,6381
ascent,6382
ariel,6383
piazzal,6384
michelangelo,6385
sanità,6386
oliva,6387
prosdocimi,6388
uncompl,6389
spectrum,6390
gramigna,6391
rehabilit,6392
autist,6393
tortellant,6394
belltow,6395
emilio,6396
timelessli,6397
trendier,6398
guà,6399
barchessa,6400
lana,6401
vigiliu,6402
500m,6403
rememb,6404
papa,6405
teresa,6406
1968,6407
mamma,6408
campiello,6409
25,6410
costantini,6411
petal,6412
orecchiett,6413
lucchesi,6414
nutmeg,6415
laundri,6416
moat,6417
tordelli,6418
brezza,6419
berton,6420
galaxi,6421
delizi,6422
obstacl,6423
summaris,6424
overcom,6425
rospigliosi,6426
cahssai,6427
bernini,6428
borag,6429
girasoli,6430
lava,6431
cocoa,6432
valtellines,6433
falco,6434
fischetti,6435
michelina,6436
granddaught,6437
1988,6438
35,6439
ethic,6440
vallefredda,6441
lawn,6442
underlin,6443
brutto,6444
lacemak,6445
pavan,6446
burano,6447
contemporanea,6448
ambiental,6449
castraur,6450
dorona,6451
venissa,6452
mazzorbo,6453
hord,6454
condit,6455
bergamot,6456
respit,6457
vesta,6458
gualtieri,6459
bone,6460
chapel,6461
milda,6462
fortunato,6463
stelvio,6464
chatgpt,6465
bertelli,6466
tonic,6467
masè,6468
sabino,6469
cedron,6470
pomegran,6471
consumpt,6472
charismat,6473
firm,6474
refuge,6475
catalogu,6476
subdivid,6477
metallifer,6478
fatti,6479
crunchi,6480
dioces,6481
ghirlanda,6482
bracali,6483
collin,6484
rotat,6485
cicognolo,6486
durat,6487
trezzo,6488
sull,6489
famousgallegaandwagyu,6490
adda,6491
pollino,6492
lampascioni,6493
stigliano,6494
superl,6495
pop,6496
yeast,6497
spell,6498
forag,6499
beretta,6500
palluda,6501
excellentplin,6502
alessandrina,6503
warn,6504
indulg,6505
snugli,6506
tunnel,6507
gracious,6508
relev,6509
banal,6510
baldessari,6511
provocazioni,6512
playground,6513
boredom,6514
coincid,6515
sold,6516
chutney,6517
cesenatico,6518
provenç,6519
regard,6520
nicolini,6521
fonduta,6522
saporito,6523
kindergarten,6524
thistl,6525
sow,6526
woodruff,6527
lichen,6528
lori,6529
fondant,6530
valentina,6531
maioni,6532
caciucco,6533
feria,6534
feltrin,6535
ramo,6536
indonesian,6537
régi,6538
juri,6539
2010,6540
pharmaci,6541
pock,6542
crudo,6543
valzelli,6544
augusto,6545
barral,6546
prevail,6547
easier,6548
beluga,6549
pachino,6550
firma,6551
apreda,6552
idylio,6553
sapidità,6554
iconica,6555
porch,6556
artusi,6557
sformato,6558
velouté,6559
thegreentast,6560
calledexperi,6561
postorino,6562
tenor,6563
531,6564
modo,6565
petrosino,6566
mio,6567
ellipsoid,6568
pare,6569
peach,6570
turmer,6571
sultana,6572
garattoni,6573
lievitazioni,6574
brunch,6575
cloister,6576
abbattista,6577
certosa,6578
wherea,6579
bazzano,6580
lorena,6581
junction,6582
quintilio,6583
geograph,6584
cavales,6585
varena,6586
willing,6587
ripetta,6588
refectori,6589
convent,6590
cegli,6591
sile,6592
sassari,6593
rosmarino,6594
brandacujun,6595
sbira,6596
antonella,6597
champagneria,6598
danilo,6599
commun,6600
horseradish,6601
postman,6602
manich,6603
fanci,6604
ventricina,6605
50th,6606
1971,6607
affinita,6608
napoleon,6609
coquu,6610
gatti,6611
miramonti,6612
arianna,6613
fogolar,6614
whet,6615
tray,6616
ravello,6617
guarino,6618
interact,6619
strict,6620
capitaneo,6621
instagram,6622
scottojonno,6623
africa,6624
chantant,6625
crescenzo,6626
monastero,6627
morel,6628
glanc,6629
princ,6630
dayb,6631
splendor,6632
luck,6633
excus,6634
rate,6635
crawl,6636
globetrot,6637
ici,6638
beg,6639
enticingli,6640
doorbel,6641
mandura,6642
consolata,6643
paradigma,6644
boundari,6645
siracusa,6646
southernmost,6647
ortigia,6648
torrisi,6649
vs,6650
brut,6651
scicli,6652
poder,6653
bertini,6654
sport,6655
leopardi,6656
confini,6657
sine,6658
pizzetta,6659
palamita,6660
20menu,6661
radiu,6662
20km,6663
origini,6664
chiaracia,6665
raft,6666
struck,6667
agnes,6668
2001,6669
loss,6670
castelvetro,6671
grasparossa,6672
virtuou,6673
accid,6674
26,6675
livinna,6676
hydromassag,6677
contact,6678
handi,6679
footag,6680
mancino,6681
centenari,6682
pontinia,6683
poor,6684
theoret,6685
lili,6686
ibla,6687
entrecot,6688
maratea,6689
vill,6690
monzaluganegasausag,6691
excellentcostoletta,6692
gremolata,6693
silva,6694
io,6695
practis,6696
cauldron,6697
motiv,6698
senal,6699
prototyp,6700
passag,6701
50m,6702
jurist,6703
sassoferrato,6704
bartolo,6705
flaminio,6706
armi,6707
1848,6708
faveri,6709
storico,6710
habsburg,6711
7pm,6712
futurist,6713
gilmozzi,6714
bark,6715
sett,6716
querc,6717
100m,6718
medic,6719
staircas,6720
weav,6721
pïacenza,6722
swap,6723
determin,6724
ladl,6725
mantua,6726
pen,6727
pisarei,6728
older,6729
porteri,6730
educ,6731
therapi,6732
obsess,6733
pet,6734
corbara,6735
1996,6736
oglio,6737
runat,6738
santini,6739
succumb,6740
ficotto,6741
lucan,6742
aquarium,6743
claroni,6744
micro,6745
hover,6746
fossombron,6747
rank,6748
risen,6749
grappoli,6750
francon,6751
histaralliand,6752
exquisitepanzerotti,6753
banfi,6754
stefania,6755
pasquo,6756
aria,6757
rebrand,6758
chri,6759
klaud,6760
oberhamm,6761
tilia,6762
anita,6763
steel,6764
mancini,6765
candiano,6766
versac,6767
tchaikovski,6768
lpv,6769
none,6770
londra,6771
restrain,6772
downstair,6773
upstair,6774
retail,6775
summertim,6776
ban,6777
uliassi,6778
polystyren,6779
persuad,6780
lap,6781
catia,6782
nive,6783
angioino,6784
maschio,6785
overview,6786
gragnano,6787
uliveto,6788
tuber,6789
portes,6790
peel,6791
porter,6792
posti,6793
28,6794
stanc,6795
zazzara,6796
trofi,6797
monza,6798
seregno,6799
baia,6800
lloyd,6801
broke,6802
lanzagallo,6803
tackl,6804
inmat,6805
ingalera,6806
bollat,6807
parmens,6808
sri,6809
lankan,6810
lanka,6811
serendib,6812
indian,6813
barisano,6814
vitantonio,6815
basilicata,6816
lombardo,6817
mallard,6818
unannounc,6819
digestif,6820
perdomoalso,6821
matia,6822
imit,6823
dodici,6824
sink,6825
fontan,6826
ss120,6827
sleek,6828
privileg,6829
float,6830
coffer,6831
advertis,6832
km,6833
ivori,6834
modular,6835
getaway,6836
statement,6837
chais,6838
ye,6839
neri,6840
outdo,6841
twice,6842
1850,6843
valtellino,6844
theorsoburg,6845
jovial,6846
cjarson,6847
runner,6848
natura,6849
emozioni,6850
tita,6851
mad100,6852
beccafico,6853
hare,6854
pazientina,6855
calandrino,6856
erminio,6857
pennisi,6858
santoro,6859
unrival,6860
volcan,6861
linguaglossa,6862
soil,6863
carricant,6864
sensazioni,6865
frammenti,6866
eruzion,6867
fusillon,6868
maurizio,6869
equinozio,6870
1614,6871
bufi,6872
domenica,6873
pino,6874
baglio,6875
adènzia,6876
nebrodi,6877
campobello,6878
cristo,6879
cuttaia,6880
spheric,6881
ciotti,6882
mission,6883
skier,6884
kratter,6885
sappada,6886
baglieri,6887
focacceria,6888
1885,6889
manuelina,6890
recco,6891
granari,6892
tool,6893
grenier,6894
tumbl,6895
seduc,6896
saint,6897
vincent,6898
lugano,6899
switzerland,6900
industrialist,6901
artifact,6902
paul,6903
els,6904
fetch,6905
mail,6906
prefab,6907
posta,6908
vecchia,6909
getti,6910
billionair,6911
wallet,6912
jaunt,6913
postur,6914
civitavecchia,6915
17th,6916
tight,6917
handsom,6918
parodi,6919
obtain,6920
death,6921
understat,6922
notori,6923
priceless,6924
compar,6925
split,6926
riomaggior,6927
june,6928
august,6929
2024quarto,6930
intoler,6931
allergi,6932
marianna,6933
teraman,6934
arrosticini,6935
mazzarel,6936
powder,6937
probiz,6938
ciliegi,6939
brogna,6940
valpantena,6941
collina,6942
fenicottero,6943
eben,6944
der,6945
flamingo,6946
abbondanzi,6947
sauvignon,6948
weingut,6949
1693,6950
imprint,6951
heartili,6952
scapec,6953
pisciotta,6954
gianpaolo,6955
burba,6956
libero,6957
territorio,6958
cost,6959
bernardi,6960
filippino,6961
1910,6962
nonno,6963
elisabeth,6964
1919,6965
glad,6966
nav,6967
sat,6968
bartolucci,6969
flank,6970
keyston,6971
hope,6972
ossola,6973
domodossola,6974
ateli,6975
katia,6976
craftsmen,6977
bohemian,6978
fontanina,6979
sawmil,6980
marcelin,6981
tantri,6982
grassi,6983
marta,6984
lord,6985
byron,6986
gastrosteria,6987
locatello,6988
puntarel,6989
suvereto,6990
buca,6991
nearest,6992
gerri,6993
nephew,6994
giuseppa,6995
grandma,6996
rampina,6997
rebellion,6998
flee,6999
troop,7000
radetzki,7001
camp,7002
monfort,7003
vertigin,7004
saracca,7005
andreina,7006
afor,7007
errico,7008
maltagliati,7009
oberwirt,7010
permeat,7011
erasmo,7012
giovanna,7013
fasan,7014
germani,7015
84,7016
lido,7017
descent,7018
joyou,7019
drago,7020
temperini,7021
rosewood,7022
dusti,7023
castiglion,7024
montalcino,7025
angela,7026
maiella,7027
ginetta,7028
tinari,7029
pascal,7030
arcangelo,7031
stray,7032
signorini,7033
lee,7034
flawless,7035
esplanad,7036
marzio,7037
contagi,7038
vallio,7039
1992,7040
metronom,7041
fezzardi,7042
steal,7043
paccheri,7044
iceberg,7045
feet,7046
helicopt,7047
grosseto,7048
blow,7049
900,7050
45,7051
1552,7052
insuffici,7053
intoxicatingli,7054
reiter,7055
helipad,7056
580,7057
forest,7058
orcia,7059
sandston,7060
sirenus,7061
70,7062
difficulti,7063
zhejiang,7064
gerli,7065
vigevano,7066
moretto,7067
pastissada,7068
caval,7069
memorabilia,7070
spiritoso,7071
andgelato,7072
juke,7073
filippi,7074
fumag,7075
arlecchino,7076
straordinario,7077
puf,7078
trentingrana,7079
amaranth,7080
trentinomenu,7081
silvio,7082
battistoni,7083
randazzo,7084
capocollo,7085
asado,7086
feltr,7087
campigotto,7088
sfoglia,7089
flake,7090
metro,7091
chateaubriand,7092
punt,7093
me,7094
montanari,7095
ann,7096
burkhard,7097
professor,7098
bacher,7099
vibo,7100
valentia,7101
cow,7102
brazier,7103
stall,7104
unconvent,7105
chicco,7106
solo,7107
pell,7108
gut,7109
fishhead,7110
eatali,7111
shaken,7112
amaro,7113
marches,7114
sordi,7115
matriciana,7116
pleasingli,7117
recur,7118
manzoni,7119
tartlet,7120
romana,7121
natalini,7122
dresser,7123
chiavari,7124
gallar,7125
kaiseki,7126
hazama,7127
satoshi,7128
ventimiglia,7129
trucco,7130
roia,7131
marca,7132
tad,7133
frût,7134
pow,7135
rick,7136
vite,7137
morti,7138
salcheto,7139
sacro,7140
itinerari,7141
montecuccoli,7142
aimo,7143
voce,7144
cozzi,7145
pancotto,7146
triangl,7147
rapa,7148
varignana,7149
bentivoglio,7150
grifon,7151
bargellini,7152
congeni,7153
unavoid,7154
rightli,7155
ravenna,7156
succul,7157
mattara,7158
sottovoc,7159
afternoon,7160
zhou,7161
homeland,7162
suili,7163
geometr,7164
parallel,7165
santamonica,7166
albaro,7167
cistern,7168
elsa,7169
neigbor,7170
flung,7171
farther,7172
granaio,7173
pepperi,7174
rapolano,7175
albavilla,7176
elli,7177
cantuccio,7178
fiordaliso,7179
pontoon,7180
londr,7181
sicignano,7182
lorelei,7183
vittorial,7184
marchigiana,7185
proverbi,7186
flowersand,7187
seggiano,7188
classicpigeon,7189
asfri,7190
polpo,7191
filia,7192
silhavì,7193
fulfil,7194
accolla,7195
augusta,7196
profil,7197
mascia,7198
1985,7199
22,7200
saletta,7201
judg,7202
minestra,7203
entitl,7204
acquarol,7205
dietro,7206
bellingeri,7207
10th,7208
preboggion,7209
bristol,7210
vais,7211
ochr,7212
teal,7213
murg,7214
thirti,7215
fogli,7216
passioni,7217
erba,7218
tin,7219
toni,7220
coco,7221
cassata,7222
transpar,7223
swordfish,7224
involtini,7225
evangelista,7226
evan,7227
abbrevi,7228
cattaneo,7229
gualdo,7230
grottino,7231
prussian,7232
foligno,7233
plane,7234
seeport,7235
ancona,7236
bistrò,7237
alchemi,7238
misurina,7239
cep,7240
pompanin,7241
mariapaola,7242
quintino,7243
anise,7244
nobiltà,7245
allud,7246
miseria,7247
annurca,7248
mara,7249
windsor,7250
savô,7251
laigueglia,7252
vino,7253
donna,7254
prompt,7255
friendship,7256
maurilio,7257
300,7258
prosper,7259
sooth,7260
arabo,7261
thailand,7262
stanzion,7263
california,7264
adjust,7265
delmont,7266
polignano,7267
modugno,7268
passeggiata,7269
asina,7270
tropea,7271
lattuga,7272
calm,7273
lengthway,7274
hermitag,7275
scotti,7276
santandrea,7277
marini,7278
totano,7279
alici,7280
praianes,7281
azur,7282
conca,7283
majolica,7284
milazzo,7285
caravello,7286
palladiana,7287
lanza,7288
grandi,7289
girella,7290
ciauscolo,7291
cartellata,7292
réva,7293
4km,7294
fre,7295
ichikawa,7296
chimichurri,7297
modesti,7298
broken,7299
ronchetto,7300
horsesho,7301
sho,7302
delicato,7303
carlotta,7304
rieti,7305
contigliano,7306
spilimbergo,7307
oldofredi,7308
predomin,7309
coldana,7310
mallow,7311
kombucha,7312
proietti,7313
refrigeri,7314
tapestri,7315
african,7316
pietropaoli,7317
plessi,7318
tristan,7319
fleme,7320
moi,7321
thoma,7322
acclaim,7323
brunel,7324
annunzio,7325
innikkei,7326
rainer,7327
vicina,7328
ivrea,7329
meschio,7330
adriano,7331
brenta,7332
bassano,7333
lombardian,7334
masashi,7335
takeshi,7336
aalto,7337
iwai,7338
solaria,7339
suzuki,7340
iyo,7341
accept,7342
agre,7343
feat,7344
monosilio,7345
temporari,7346
teramo,7347
naxo,7348
toro,7349
lanteri,7350
bellotti,7351
fratelli,7352
ami,7353
massucco,7354
marc,7355
larossa,7356
sinuou,7357
leali,7358
virgilio,7359
waffl,7360
1952,7361
kaiser,7362
ii,7363
dh,7364
hillsid,7365
maupass,7366
sublim,7367
1873,7368
wildean,7369
decemb,7370
neoclass,7371
sharpen,7372
wilhelm,7373
timeo,7374
guy,7375
literari,7376
belmond,7377
fade,7378
lawrenc,7379
geleng,7380
vito,7381
cort,7382
imperatori,7383
episod,7384
mollica,7385
odyssey,7386
portinari,7387
salviati,7388
pfanner,7389
tomei,7390
controversi,7391
silvana,7392
remi,7393
volp,7394
easter,7395
andbonetprovid,7396
1887,7397
finanzierastew,7398
ox,7399
fat,7400
forbu,7401
grasso,7402
adami,7403
tenerina,7404
vatican,7405
conero,7406
breccia,7407
recharg,7408
burger,7409
550m,7410
athlet,7411
col,7412
moena,7413
numana,7414
item,7415
baracchi,7416
lane,7417
falconier,7418
salada,7419
giada,7420
miori,7421
sarca,7422
carn,7423
bandi,7424
moro,7425
trapani,7426
soldier,7427
masala,7428
tandoori,7429
capitolo,7430
elia,7431
ahimé,7432
nogher,7433
apricot,7434
baumgartn,7435
karl,7436
vistamar,7437
broader,7438
ottagono,7439
romagnol,7440
mediterraneo,7441
finer,7442
scoprir,7443
sigilinium,7444
will,7445
cashew,7446
porcelli,7447
venosta,7448
gerhard,7449
wieser,7450
capitan,7451
matscher,7452
proceed,7453
flaw,7454
mostarda,7455
miranes,7456
castelvecchio,7457
avocado,7458
rapini,7459
cogliardo,7460
tonola,7461
raphaël,7462
tenaci,7463
outdooral,7464
sincer,7465
tailor,7466
heavili,7467
masterli,7468
cacciag,7469
trentini,7470
conceal,7471
versatil,7472
falanghina,7473
mole,7474
northernmost,7475
wise,7476
versu,7477
yin,7478
biohotel,7479
peski,7480
remov,7481
multipl,7482
afterward,7483
luckili,7484
cabin,7485
gear,7486
aprè,7487
dwarf,7488
cuddl,7489
tobacco,7490
rent,7491
maffei,7492
fixtur,7493
campiglio,7494
eco,7495
ampli,7496
came,7497
1999,7498
yang,7499
soar,7500
madonna,7501
instructor,7502
canoodl,7503
rialto,7504
arva,7505
panfilio,7506
lepor,7507
contemporan,7508
acaja,7509
gobbi,7510
cardi,7511
ambit,7512
compatriot,7513
adrià,7514
stud,7515
ferran,7516
cast,7517
spaniard,7518
consult,7519
zanasi,7520
tespi,7521
korean,7522
celeriac,7523
kimchi,7524
monica,7525
magnini,7526
perpetu,7527
sgrò,7528
baroni,7529
comput,7530
scrupul,7531
cicada,7532
bardini,7533
madama,7534
piola,7535
teles,7536
pievasciata,7537
rhubarb,7538
visibilio,7539
canella,7540
absinth,7541
pivot,7542
truer,7543
cicetta,7544
hero,7545
garibaldi,7546
eventu,7547
rò,7548
ronchi,7549
issa,7550
lucera,7551
termini,7552
600m,7553
schio,7554
fasolato,7555
justli,7556
slop,7557
spinechil,7558
fritta,7559
torta,7560
petriolo,7561
merlot,7562
guidi,7563
golpaia,7564
cerreto,7565
ps,7566
restoredtrulliwhich,7567
vicentina,7568
thecarbonara,7569
thebaccalà,7570
branca,7571
bernardo,7572
strozzi,7573
ricchebono,7574
ivano,7575
capac,7576
scalinata,7577
costarella,7578
norma,7579
gae,7580
mazara,7581
fuori,7582
aulenti,7583
taral,7584
monteriggioni,7585
abbadia,7586
futura,7587
monk,7588
francigena,7589
paragon,7590
ostuni,7591
meucci,7592
manuela,7593
hosomaki,7594
scrubland,7595
fuoco,7596
bergeretto,7597
segreta,7598
petra,7599
sugihara,7600
ciuffetelli,7601
disguis,7602
nicolosi,7603
robi,7604
anto,7605
withciccioli,7606
her,7607
amaz,7608
gorgnalini,7609
scratch,7610
piacentina,7611
sparingli,7612
reggiana,7613
consorzio,7614
conscious,7615
underwat,7616
forethought,7617
overshadow,7618
1997,7619
rescu,7620
sparklingli,7621
contempl,7622
avino,7623
frett,7624
placido,7625
regain,7626
rosselini,7627
12th,7628
frati,7629
minimi,7630
spaccanapoli,7631
puff,7632
minori,7633
nitto,7634
vanacor,7635
gianni,7636
exhaust,7637
flute,7638
gusto,7639
pollenzo,7640
tistot,7641
sposito,7642
accomplish,7643
sassicaia,7644
prosperi,7645
petru,7646
henri,7647
scossoand,7648
2km,7649
cavallo,7650
creativefuori,7651
gara,7652
sodano,7653
adher,7654
troisi,7655
feniletto,7656
rana,7657
ricomincio,7658
feuill,7659
dire,7660
ça,7661
va,7662
flurin,7663
glorenza,7664
giardinetto,7665
vicciola,7666
scottona,7667
australian,7668
fàula,7669
diffuso,7670
boeri,7671
ricorda,7672
stapl,7673
canocchia,7674
frutti,7675
thepizza,7676
marewhich,7677
bundl,7678
colleagu,7679
claudia,7680
piastrino,7681
agostini,7682
marecchia,7683
risoni,7684
ravarotto,7685
unknown,7686
dipino,7687
pezzogna,7688
caravella,7689
tonino,7690
tâche,7691
expon,7692
caoda,7693
loos,7694
colleoni,7695
fail,7696
cerreta,7697
shave,7698
ravinetto,7699
deeper,7700
cervia,7701
vigezzo,7702
vie,7703
toceno,7704
nazzarena,7705
fabbro,7706
cippi,7707
valdestali,7708
necropoli,7709
tarquinia,7710
monterozzi,7711
riccio,7712
quintessenti,7713
alighiero,7714
battl,7715
elong,7716
anghiari,7717
bringoli,7718
160,7719
parkhotel,7720
alga,7721
nori,7722
laurin,7723
riscoperta,7724
volumnia,7725
taglienti,7726
cheaper,7727
ripen,7728
fatjon,7729
nib,7730
tiberini,7731
2018,7732
loggia,7733
maturato,7734
vasariana,7735
drip,7736
stack,7737
gaio,7738
gene,7739
patrignano,7740
biuso,7741
1912,7742
lazian,7743
gargioli,7744
commiss,7745
redecor,7746
carrello,7747
bolliti,7748
document,7749
stylemora,7750
migrant,7751
mirin,7752
muddica,7753
favignana,7754
atturrata,7755
perciasacchi,7756
aost,7757
tafuri,7758
antoni,7759
instantli,7760
symbolis,7761
ironi,7762
bress,7763
zeno,7764
nikita,7765
wholeheartedli,7766
sergeev,7767
sui,7768
golfi,7769
barbato,7770
leonardi,7771
iaccarino,7772
resourc,7773
polda,7774
spleen,7775
gorgonzola,7776
crostini,7777
gasthau,7778
arancini,7779
guado,7780
cipressi,7781
pizzi,7782
caputo,7783
shelter,7784
breweri,7785
mogano,7786
faenza,7787
promot,7788
outli,7789
predict,7790
caserta,7791
leccarda,7792
somma,7793
reconnect,7794
caretak,7795
semicircular,7796
consequ,7797
zannon,7798
bressan,7799
flag,7800
lonigo,7801
peca,7802
peat,7803
whiski,7804
smoker,7805
seriou,7806
flora,7807
nissen,7808
cavallino,7809
maranello,7810
inedita,7811
burri,7812
necessarili,7813
croccantezza,7814
roero,7815
jackson,7816
pollock,7817
bavaglino,7818
pasteuris,7819
vecio,7820
macello,7821
pipe,7822
gainn,7823
2007,7824
control,7825
geotherm,7826
coxinendi,7827
atzeni,7828
argentario,7829
ala,7830
montecristo,7831
nicastro,7832
formichella,7833
withzabaion,7834
torregrotta,7835
blason,7836
trentacosti,7837
logo,7838
carmelo,7839
geniu,7840
steve,7841
thegrand,7842
augurio,7843
cartene,7844
levanto,7845
acireal,7846
uninterest,7847
craparo,7848
bellaria,7849
3c,7850
syracus,7851
customari,7852
viagrand,7853
