,token
0,marsh
1,recip
2,friulivenezia
3,elderflow
4,bottom
5,defin
6,enough
7,around
8,suspend
9,reconnect
10,lunch
11,lake
12,consorzio
13,boschi
14,depot
15,youth
16,cross
17,5pm
18,profeta
19,1933
20,calvisano
21,mountain
22,osashimi
23,unesperienza
24,cordevigo
25,gyoza
26,edg
27,triumph
28,exot
29,angelo
30,acclaim
31,impli
32,posit
33,napoleon
34,infus
35,5km
36,southern
37,teach
38,arrang
39,sculptor
40,zeromil
41,coconut
42,scrubland
43,consortium
44,early19c
45,brickwork
46,ladininspir
47,unsurprisingli
48,papà
49,marchesi
50,chive
51,meadow
52,judg
53,venu
54,fiori
55,brutto
56,stella
57,beli
58,aspic
59,hadrian
60,360°
61,chardonnay
62,theatric
63,1
64,prati
65,fulltim
66,breton
67,apricot
68,stagional
69,irpinia
70,pascucci
71,char
72,piccola
73,agnolotti
74,recharg
75,spill
76,tonola
77,viaggio
78,solina
79,affido
80,pappai
81,tripe
82,industrialstyl
83,trail
84,thing
85,tortelloni
86,vittorial
87,palazzolo
88,serra
89,pici
90,prison
91,venaria
92,sesso
93,cardoon
94,hamburg
95,novi
96,domingo
97,venic
98,told
99,spaciou
100,imperatori
101,marin
102,gainn
103,excellent–mad
104,vitel
105,russo
106,winelov
107,augusta
108,lycheeshap
109,unusu
110,baglio
111,farmstead
112,today
113,base
114,tend
115,vino
116,canapino
117,nestl
118,forth
119,soy
120,sizzl
121,women
122,commiss
123,juan
124,award
125,celeriac
126,deck
127,grand
128,club
129,shadow
130,eater
131,miraval
132,crumbl
133,indigo
134,sereno
135,charcoalgril
136,sambuca
137,burkhard
138,year–i
139,tune
140,gala
141,delici
142,ventur
143,indaco
144,revolv
145,marko
146,statu
147,isea
148,quintilio
149,mid18c
150,imperi
151,ramen
152,tini
153,barbequ
154,lavazza
155,tip
156,characterist
157,2022
158,riomaggior
159,half
160,monasteri
161,expos
162,fairytalelik
163,italia
164,prevail
165,mellino
166,exagger
167,golden
168,minestra
169,possibl
170,padano
171,delta
172,1903
173,strozzi
174,tuesday
175,unrival
176,scorzonera
177,altern
178,aid
179,croton
180,valpolicella
181,billia
182,qafiz
183,arco
184,guarneri
185,focu
186,cusumano
187,sharp
188,fastpac
189,giulio
190,bistecca
191,falzarego
192,bolliti
193,unexpect
194,vasariana
195,evidenc
196,stair
197,gleam
198,illustr
199,roman
200,red
201,relief
202,belgian
203,cramp
204,natura
205,frico
206,po
207,encyclopaed
208,bold
209,chain
210,1970
211,cocktailbar
212,credit
213,destin
214,fifteen
215,front
216,subida
217,dark
218,antipasti
219,outdoor
220,supper
221,aliv
222,sukiyaki
223,laltrettanto
224,nole
225,14
226,restaurateur
227,wait
228,market
229,bernardo
230,signor
231,woodpanel
232,vignola
233,older
234,restrain
235,colombia
236,center
237,cours
238,grocer
239,pan
240,nonalcohol
241,etruscan
242,dna
243,porcelli
244,manduria
245,doro
246,si
247,inncum
248,alessandria
249,pfanner
250,amusesbouch
251,tavernastyl
252,52
253,taratatà
254,linguaglossa
255,cort
256,bocca
257,showroom
258,lessenza
259,180°
260,fabbrica
261,thermal
262,rosehipinfus
263,ostentati
264,sound
265,sculpt
266,low
267,metalwork
268,1997
269,norcia
270,befit
271,giandomenico
272,ounc
273,summaris
274,motta
275,trovato
276,contemporaneo
277,mark
278,12
279,fernando
280,style
281,ligurian
282,lumira
283,1930
284,molaro
285,ironi
286,lazian
287,cannavino
288,volcano
289,umbrin
290,remi
291,bowl
292,privat
293,insid
294,jovial
295,bougainvillea
296,farewel
297,ciliegi
298,gobbi
299,rovetta
300,salina
301,addict
302,sweetbread
303,spent
304,effect
305,serendib
306,walnut
307,tooth
308,spit
309,americano
310,broth
311,cedro
312,cun
313,feltrinelli
314,escap
315,santino
316,emilian
317,caino
318,toceno
319,return
320,saffron
321,paradis
322,costa
323,cerver
324,wit
325,difficulti
326,page
327,adèl
328,remain
329,retrostyl
330,cathedr
331,coeliac
332,pepperi
333,1800
334,luciana
335,easi
336,scandinavia
337,realli
338,grew
339,branca
340,cembra
341,reassur
342,vomero
343,cegli
344,miseria
345,ottog
346,boar
347,isid
348,arianna
349,soil
350,botania
351,matteo
352,grifon
353,cahssai
354,oldofredi
355,sanità
356,paves
357,apricena
358,gentl
359,bravo
360,apart
361,aloi
362,assort
363,japanes
364,valdestali
365,neglect
366,mapl
367,selftaught
368,cesenatico
369,mandilli
370,mayonnais
371,nicolini
372,carn
373,church
374,recanati
375,grandmoth
376,creami
377,rizzo
378,accursio
379,nottobemiss
380,basil
381,dough
382,pasquo
383,tone
384,alon
385,vegan
386,sensat
387,nonetheless
388,intorcia
389,postmodern
390,stanc
391,bronzecut
392,recognis
393,sarzana
394,20km
395,timehonour
396,belong
397,16
398,glutenfre
399,quirinal
400,campaniafocus
401,ibla
402,maturato
403,form
404,migrant
405,peel
406,lord
407,ambienc
408,piedmontes
409,promot
410,prino
411,barbera
412,cimini
413,swim
414,fior
415,bread
416,guid
417,8cours
418,jasmin
419,impero
420,coll
421,etna
422,aimo
423,hashbe
424,vieni
425,langa
426,hazama
427,2016
428,affect
429,fischetti
430,ellipt
431,signatur
432,1885
433,unpredict
434,nutrit
435,fusionstyl
436,donei
437,midday
438,act
439,mongiat
440,ciaffagnon
441,bolsena
442,hark
443,1956
444,classico
445,reinterpret
446,martini
447,think
448,vicenza
449,saor
450,mid1960
451,amusebouch
452,cirò
453,montal
454,fair
455,blanc
456,cement
457,vs
458,pescatora
459,finetun
460,savoy
461,dioces
462,enoica
463,consequ
464,conjur
465,see
466,portofino
467,transpar
468,hear
469,bress
470,break
471,foligno
472,ztl
473,mysteri
474,magic
475,dash
476,sear
477,intric
478,golf
479,bravaccini
480,freshwat
481,goodvalueformoney
482,mandra
483,son
484,reappear
485,lucki
486,fermo
487,toritto
488,specif
489,tournedo
490,canocchia
491,eugenio
492,rasa
493,descript
494,firmli
495,idea
496,w
497,pergolashad
498,crystalclear
499,timber
500,maremma
501,risultato
502,cortil
503,takahiko
504,benedikto
505,luxuri
506,pillow
507,sfoglia
508,pietra
509,oldfashion
510,monferrato
511,instead
512,astra
513,seek
514,beatric
515,albertina
516,rampant
517,guggenheim
518,sarri
519,baron
520,sibl
521,claudia
522,4
523,takeaway
524,oak
525,sport
526,godia
527,lungarno
528,mano
529,troccoli
530,brindo
531,terni
532,perna
533,gastro
534,classi
535,temporari
536,ventimiglia
537,quattro
538,ricebas
539,vogu
540,oleand
541,nobiltà
542,loin
543,trotter
544,resortspa
545,patch
546,dress
547,bandwagon
548,abocar
549,valsassina
550,protect
551,shred
552,wellearn
553,lanss
554,carv
555,beach
556,broke
557,gloriou
558,più
559,trapani
560,pen
561,april
562,umberto
563,worthi
564,marmalad
565,exactli
566,maggior
567,1968
568,ravello
569,matter
570,lugagnano
571,nù
572,serina
573,massimiliano
574,bay
575,cherri
576,technolog
577,razor
578,gaspari
579,baumgartn
580,ownership
581,ricchebono
582,mantecati
583,contaminazioni
584,bitto
585,pennisi
586,penultim
587,catia
588,prompt
589,reopen
590,persimmon
591,sagramoso
592,benedetto
593,kidney
594,palazzo
595,tuscan
596,ligur
597,angiolieri
598,altitud
599,lepor
600,look
601,flaminio
602,mustard
603,torchiettibistro
604,brut
605,dentex
606,parmens
607,chiara
608,writer
609,pasteuris
610,sometim
611,gilberto
612,emphasi
613,1950
614,favorita
615,career
616,caribbean
617,light
618,fix
619,rebosio
620,structur
621,list–in
622,sauri
623,belé
624,candlelit
625,fingerlim
626,crisci
627,emot
628,exit
629,prezioso
630,prosecco
631,metr
632,12yearold
633,krapf
634,fiorentinaopt
635,caserta
636,manzoni
637,quit
638,trademark
639,archestrato
640,inter
641,cristina
642,love
643,particularli
644,blaze
645,brais
646,cheaper
647,steep
648,allarnei
649,miori
650,porticciolo
651,stilla
652,coda
653,campania
654,nass
655,connect
656,tidi
657,zillo
658,experiment
659,chestnutflour
660,coupl
661,wellpres
662,met
663,battisti
664,militari
665,vari
666,cheesebas
667,cantina
668,retro
669,1959
670,nobless
671,effort
672,vodka
673,der
674,pizzetta
675,doubt
676,blue
677,classic
678,moena
679,mexican
680,ciambella
681,near
682,peci
683,firm
684,sei
685,agriturismo
686,cannaregio
687,fascin
688,giuliana
689,fidati
690,flurin
691,restructur
692,clad
693,papi
694,apprentic
695,cacao
696,essenziali
697,augustu
698,femal
699,bendato
700,redefin
701,seat
702,sun
703,bassa
704,farnes
705,fennel
706,roberto
707,shrub
708,sector
709,bernardi
710,encircl
711,marrocco
712,madonnina
713,vineshad
714,part
715,restuar
716,cinta
717,essenc
718,sopa
719,svevo
720,wallpap
721,peak
722,alga
723,sabino
724,paestum
725,excess
726,tartarestyl
727,neat
728,baldassarr
729,tommaso
730,inspector
731,strudel
732,centofanti
733,clime
734,marsupino
735,entertain
736,trap
737,white
738,hand
739,doorway
740,vicenzastyl
741,castiglion
742,uliveto
743,silkworm
744,sweden
745,philip
746,soundtrack
747,rebellion
748,freshli
749,hallmark
750,polenta
751,sourcherri
752,muchlov
753,atrani
754,canino
755,round
756,obsess
757,updat
758,seeport
759,beet
760,cannelloni
761,gondola
762,leoluca
763,chapel
764,argentario
765,senator
766,veal
767,black
768,crispi
769,quail
770,orientali
771,ethnic
772,loungebar
773,yellow
774,mar
775,aioli
776,vero
777,camino
778,astonish
779,mora
780,therefor
781,gurnard
782,24monthold
783,grower
784,disturb
785,1911
786,chefpatron
787,highlight
788,bracali
789,dome
790,discreetli
791,magro
792,falconier
793,courmayeur
794,annex
795,ceil
796,senes
797,chestnut
798,vin
799,maratea
800,1895
801,20c
802,pie
803,monk
804,matera
805,merano
806,introduc
807,confini
808,lap
809,fort
810,capannori
811,genoveffa
812,cibreo
813,event
814,repertoir
815,masè
816,corpo
817,gremolata
818,male
819,quintessenti
820,gallo
821,might
822,familyrun
823,forget
824,tafuri
825,mantuan
826,cell
827,burrata
828,snow
829,whitechocol
830,exclud
831,11pm
832,leopoldo
833,carropont
834,maritim
835,kombucha
836,rediscov
837,send
838,amalfi
839,cloister
840,alighiero
841,1995
842,donna
843,vineyard
844,malatesta
845,flaw
846,satoshi
847,nightclubcumloung
848,back
849,foam
850,tret
851,dario
852,prioritis
853,evapor
854,terrazza
855,luciano
856,gâteau
857,seafront
858,ravinetto
859,assist
860,versilian
861,grotto
862,war
863,onethird
864,warn
865,halfport
866,acquir
867,sinc
868,winner
869,modernis
870,salicornia
871,minimum
872,top
873,grate
874,philosophi
875,lookout
876,stigghiola
877,dens
878,sella
879,mundo
880,affinita
881,varignana
882,valdarno
883,although
884,payabl
885,accept
886,coxinendi
887,cava
888,streetfood
889,minimis
890,sicignano
891,applaus
892,occhiovivo
893,venosta
894,tina
895,adher
896,raspberri
897,six
898,pranzo
899,verit
900,naxo
901,variou
902,research
903,authorit
904,sweetscent
905,masseria
906,gallipoli
907,class
908,klugmann
909,right
910,sourdough
911,sauna
912,whelk
913,basement
914,vet
915,eat
916,sannio
917,drop
918,giacomello
919,valazza
920,tang
921,point
922,piselli
923,kaiseki
924,juke
925,cerrato
926,montesestyl
927,36monthag
928,genova
929,need
930,weather
931,pescator
932,champion
933,homag
934,breuilcervinia
935,glorenza
936,stagion
937,cauldron
938,darrosto
939,flavor
940,resourc
941,zippl
942,chef
943,spici
944,carrot
945,pink
946,cicchetti
947,porch
948,tipico
949,add
950,candiano
951,valtellino
952,began
953,sassolungo
954,offici
955,8point
956,testa
957,neoclass
958,conca
959,sottovoc
960,lui
961,tyrolean
962,radiu
963,refresh
964,flawless
965,orchestra
966,sbrisolonacak
967,pell
968,valsugana
969,cassinetta
970,appealingli
971,mont
972,apprenticeship
973,laqua
974,alzaia
975,ahrntal
976,tortonesi
977,tartar
978,live
979,costanzo
980,pock
981,schito
982,bastion
983,boredom
984,hagan
985,decor
986,busi
987,banquet
988,rialto
989,northern
990,secret
991,keyston
992,crouton
993,overcom
994,marchigiana
995,pizzi
996,recycl
997,australian
998,unforgett
999,tumin
1000,piedmontesestyl
1001,cornaredo
1002,bro
1003,shine
1004,enthusiast
1005,ferreri
1006,pacif
1007,accord
1008,fast
1009,canton
1010,terracotta
1011,orob
1012,song
1013,initi
1014,abbrevi
1015,casentino
1016,ost
1017,posillipo
1018,régi
1019,voghera
1020,peac
1021,ragú
1022,chessa
1023,bertini
1024,torta
1025,tarquinia
1026,parkland
1027,husband
1028,next
1029,tailor
1030,decidedli
1031,cellar
1032,intesa
1033,padana
1034,compon
1035,caval
1036,queen
1037,sciliar
1038,2021
1039,custom
1040,chicori
1041,sensazioni
1042,clam
1043,seem
1044,pale
1045,terlano
1046,friendli
1047,harvest
1048,resin
1049,spain
1050,nonitalian
1051,verona
1052,allus
1053,2024quarto
1054,necropoli
1055,800
1056,phone
1057,fonduta
1058,pot
1059,aperitifstyl
1060,sile
1061,isabella
1062,rossi
1063,enjoy
1064,tastingstyl
1065,influenti
1066,13c
1067,modo
1068,mango
1069,artemid
1070,trolley
1071,mop
1072,learnt
1073,solaria
1074,plankton
1075,aversa
1076,shaken
1077,sacchi
1078,baronal
1079,breathtakingli
1080,seawe
1081,musso
1082,perez
1083,winegrow
1084,630pm
1085,rest
1086,mixtur
1087,map
1088,rotat
1089,locomot
1090,peposo
1091,appreci
1092,mill
1093,campigotto
1094,bagni
1095,vittorio
1096,pe
1097,promenad
1098,boundari
1099,petra
1100,calistri
1101,osmosi
1102,porchettastyl
1103,principl
1104,postindustri
1105,hail
1106,balconi
1107,oil
1108,lele
1109,chicindustri
1110,baja
1111,like
1112,sprinkl
1113,me
1114,agostini
1115,alcoholfre
1116,marzano
1117,whim
1118,conclus
1119,ontrend
1120,agerola
1121,stem
1122,gian
1123,st
1124,left–ther
1125,size
1126,autumn
1127,exhibit
1128,distinguish
1129,beyond
1130,influenc
1131,fiordaliso
1132,stalwart
1133,oldest
1134,munzillo
1135,kuccagna
1136,cinnamon
1137,casertona
1138,arbour
1139,tegamaccio
1140,reput
1141,valu
1142,au
1143,larger
1144,vitantonio
1145,blasio
1146,canzian
1147,desenzano
1148,stapl
1149,biagiola
1150,ident
1151,rack
1152,palermino
1153,indic
1154,feuerstein
1155,querc
1156,elvira
1157,550m
1158,spanishstyl
1159,luigia
1160,15
1161,marina
1162,cart
1163,dashi
1164,risen
1165,number
1166,york
1167,underli
1168,bundl
1169,uffizi
1170,ionio
1171,addit
1172,peach
1173,take
1174,everexpand
1175,cantù
1176,complex
1177,seminari
1178,volterra
1179,firework
1180,lucia
1181,greencolour
1182,piemont
1183,barrel
1184,introduct
1185,corvara
1186,ambiti
1187,prawn
1188,mild
1189,egnazia
1190,settepiatti
1191,butterfli
1192,shape
1193,comunal
1194,track
1195,onofrio
1196,informal
1197,underlin
1198,liner
1199,cube
1200,octopu
1201,venart
1202,dri
1203,40yearold
1204,sri
1205,qualiti
1206,ciclopi
1207,parker
1208,passeggiata
1209,wider
1210,bacari
1211,fortifi
1212,pilgrim
1213,michel
1214,pollino
1215,valeria
1216,natali
1217,l
1218,donn
1219,predominantli
1220,grana
1221,motiv
1222,card
1223,american
1224,exposedston
1225,ossola
1226,sosta
1227,everyon
1228,dellovo
1229,exquisit
1230,asianinfluenc
1231,perno
1232,hero
1233,pace
1234,heart
1235,silva
1236,ragù
1237,redevelop
1238,tale
1239,fillet
1240,offshor
1241,pino
1242,cristo
1243,neri
1244,slovenia
1245,happili
1246,rump
1247,sourc
1248,andora
1249,italo
1250,babi
1251,granari
1252,tre
1253,shuttl
1254,goos
1255,iron
1256,menu
1257,pùzali
1258,prodigi
1259,golfo
1260,consolid
1261,origini
1262,nuvola
1263,howev
1264,atmospher
1265,monviso
1266,vallefredda
1267,prestigi
1268,within
1269,garda
1270,nordic
1271,150th
1272,relationship
1273,decid
1274,welfar
1275,albenga
1276,calf
1277,spleen
1278,ad
1279,levi
1280,tufa
1281,citeroni
1282,capristyl
1283,montagna
1284,amiata
1285,dryag
1286,cheer
1287,capresestyl
1288,wrought
1289,francica
1290,tantalis
1291,brasseri
1292,excelsior
1293,soft
1294,gravi
1295,halffrench
1296,mediterraneaninfluenc
1297,heiss
1298,polo
1299,arcad
1300,amidst
1301,wisteriaadorn
1302,box
1303,lacemak
1304,byzantin
1305,signorini
1306,rò
1307,barcumrestaur
1308,bellotti
1309,cristian
1310,bluh
1311,guarante
1312,può
1313,tomahawk
1314,1939
1315,taught
1316,oscar
1317,piola
1318,maurizio
1319,winepar
1320,canederli
1321,permitting–and
1322,dinner
1323,niederkofl
1324,proud
1325,pascal
1326,brusson
1327,sip
1328,moretto
1329,sens
1330,daniel
1331,fourcours
1332,regional
1333,brandini
1334,porta
1335,softton
1336,breadcrumb
1337,ferran
1338,lazarov
1339,vernaccia
1340,charg
1341,succe
1342,boutiqu
1343,repres
1344,boer
1345,minimalist
1346,adventur
1347,accolla
1348,greec
1349,onlin
1350,cervo
1351,lugano
1352,enel
1353,divers
1354,nero
1355,robustli
1356,rotto
1357,palai
1358,monza
1359,vulcano
1360,orient
1361,chees
1362,theodor
1363,sergeev
1364,shop
1365,confit
1366,slowcook
1367,breed
1368,stack
1369,succeed
1370,realiti
1371,neighborhood
1372,eponym
1373,somewher
1374,manner
1375,stream
1376,shortli
1377,wafer
1378,finer
1379,23
1380,tuscaninspir
1381,croce
1382,hesit
1383,maintain
1384,accademia
1385,fa
1386,bottarga
1387,riva
1388,miranes
1389,drive
1390,borlotti
1391,charismat
1392,weekli
1393,elisabetta
1394,realis
1395,marostica
1396,gusto
1397,cauda
1398,multifacet
1399,tinari
1400,buratti
1401,2019
1402,clue
1403,fre
1404,patat
1405,gualtieri
1406,bella
1407,moreno
1408,adriatica
1409,lemonmarin
1410,vibe
1411,comacina
1412,merlot
1413,ornament
1414,antonello
1415,work
1416,manuela
1417,dessert
1418,background
1419,prettiest
1420,peopl
1421,naturalment
1422,apreda
1423,150m
1424,concentr
1425,etra
1426,maltagliati
1427,laera
1428,regina
1429,grenier
1430,gulfi
1431,dallamano
1432,slop
1433,new
1434,ownerrun
1435,1961
1436,venetian
1437,romito
1438,nostalg
1439,iva
1440,pension
1441,ovenbak
1442,leocorno
1443,buchteln
1444,trip
1445,avant
1446,said
1447,chamber
1448,constant
1449,explain
1450,mediterranean
1451,anyth
1452,similarli
1453,bass
1454,curtaton
1455,asian
1456,frediano
1457,artistri
1458,tabl
1459,pinchiorri
1460,maurilio
1461,butcher
1462,heavi
1463,oblig
1464,capocollo
1465,overview
1466,monfettini
1467,porter
1468,liqueurmak
1469,ember
1470,ionian
1471,modugno
1472,caffè
1473,1618
1474,tombola
1475,holidaymak
1476,ortica
1477,hectar
1478,brightli
1479,longestheld
1480,preserv
1481,citi
1482,microcosm
1483,camaldoli
1484,radicchio
1485,merit
1486,scomponibili
1487,florenc
1488,reimund
1489,capelli
1490,outsid
1491,whether
1492,fontanafredda
1493,cover
1494,pezzo
1495,gilmor
1496,bacchu
1497,brunel
1498,multigener
1499,dellanfiteatro
1500,antich
1501,battipaglia
1502,chitarra
1503,bassano
1504,papaya
1505,suquet
1506,1977
1507,renaissancestyl
1508,read
1509,tino
1510,oneglia
1511,fluffi
1512,key
1513,burano
1514,nuzzo
1515,viterbo
1516,lo
1517,casolèt
1518,process
1519,nearest
1520,hinterland
1521,montanari
1522,zarri
1523,caretak
1524,await
1525,sinuou
1526,leas
1527,riflessioni
1528,pretti
1529,esplanad
1530,filippetto
1531,feast
1532,est
1533,portico
1534,stove
1535,arborina
1536,runat
1537,envisag
1538,list
1539,identifi
1540,ventresca
1541,trifl
1542,stonebuilt
1543,excel
1544,orsoburg
1545,bergamasca
1546,tenerina
1547,experienc
1548,intend
1549,perciasacchi
1550,bellabarba
1551,corner
1552,arrigoni
1553,purpos
1554,wellmanag
1555,murg
1556,finanziera
1557,scent
1558,peppino
1559,concern
1560,reloc
1561,maccheroni
1562,atturratasp
1563,london
1564,azienda
1565,taral
1566,philipp
1567,liquid
1568,pra
1569,oristano
1570,peruvian
1571,empanada
1572,keep
1573,girella
1574,reserv
1575,brugiano
1576,element
1577,orvieto
1578,public
1579,elefant
1580,pacentro
1581,drape
1582,coffe
1583,huge
1584,pavement
1585,buff
1586,project
1587,motto
1588,indonesian
1589,joyou
1590,starter
1591,cohes
1592,riviera
1593,scallop
1594,needl
1595,topfloor
1596,raftcumplatform
1597,locat
1598,wall
1599,karim
1600,princip
1601,norma
1602,pietro
1603,profil
1604,itali
1605,loung
1606,leoni
1607,cagli
1608,turn
1609,eruzion
1610,vilòn
1611,space
1612,especi
1613,pronounc
1614,torri
1615,3litr
1616,cookeri
1617,ann
1618,pour
1619,calett
1620,proceed
1621,masaki
1622,mausoleum
1623,libera
1624,costarella
1625,1442
1626,minut
1627,graziano
1628,acquolina
1629,abbondanzi
1630,gorini
1631,urbino
1632,pagnotto
1633,feat
1634,sodano
1635,slogan
1636,drink
1637,cascinalenuovo
1638,loungecumlibrari
1639,antoni
1640,celeri
1641,yuyo
1642,duchess
1643,signora
1644,boathous
1645,instruct
1646,homeland
1647,verd
1648,ricotta
1649,quantiti
1650,tivoli
1651,brass
1652,wellington
1653,par
1654,cow
1655,cozzi
1656,tuck
1657,veranda
1658,matares
1659,foodlov
1660,fezzardi
1661,spaghetton
1662,carrara
1663,taken
1664,modica
1665,interest
1666,1967
1667,baroqu
1668,prelud
1669,pachino
1670,cornerston
1671,suffic
1672,fortana
1673,worldfam
1674,acoust
1675,hold
1676,lightcolour
1677,chat
1678,scarallo
1679,parizzi
1680,dolc
1681,samphir
1682,cason
1683,simplic
1684,plung
1685,nolinski
1686,jurist
1687,woodsmok
1688,ronchi
1689,declar
1690,regularli
1691,flavio
1692,amaro
1693,depend
1694,cannara
1695,16c
1696,sampl
1697,fortun
1698,kalò
1699,spaccanapoli
1700,531
1701,placemat
1702,brainchild
1703,cicchetteria
1704,logo
1705,attach
1706,chop
1707,max
1708,bestlov
1709,gimignano
1710,splash
1711,berico
1712,couscou
1713,mengoni
1714,campo
1715,saint
1716,brezza
1717,damalfi
1718,tâche
1719,alserio
1720,academi
1721,superb
1722,achiev
1723,sight
1724,easter
1725,100
1726,mix
1727,ottagono
1728,homegrown
1729,edoardo
1730,maccheroncini
1731,vibrant
1732,alcherm
1733,trend
1734,gabrielli
1735,villa
1736,unmistak
1737,li
1738,cavallo
1739,mondello
1740,brenta
1741,manuelina
1742,fisichella
1743,mudec
1744,great
1745,contrari
1746,grow
1747,hélène
1748,brother
1749,eala
1750,langella
1751,novara
1752,spectacl
1753,maezza
1754,1695
1755,latin
1756,osteria
1757,array
1758,fact
1759,1966
1760,goldcolour
1761,sensori
1762,whet
1763,coat
1764,es
1765,7pm
1766,curiou
1767,funicular
1768,vallio
1769,equal
1770,hurri
1771,frati
1772,fun
1773,mollica
1774,code
1775,fauna
1776,handwritten
1777,wander
1778,couli
1779,korean
1780,camilla
1781,limit
1782,sfogli
1783,chianti
1784,transport
1785,shortag
1786,rind
1787,alain
1788,presenc
1789,iorio
1790,alfio
1791,puntarel
1792,african
1793,famou
1794,childhood
1795,masterchef
1796,bari
1797,herculaneum
1798,1250
1799,emphasis
1800,horseradish
1801,rosita
1802,carlofortinian
1803,tenuta
1804,ugento
1805,ahimé
1806,neighbourhood
1807,confection
1808,skimp
1809,tyrrhenian
1810,luchino
1811,undergon
1812,lacelik
1813,yacht
1814,counterstyl
1815,poet
1816,founder
1817,relai
1818,tutto
1819,cantarelli
1820,plate
1821,companion
1822,know
1823,fashion
1824,vicentina
1825,iyo
1826,brunico
1827,yet
1828,circolino
1829,magnum
1830,sixth
1831,lowkey
1832,crapiata
1833,7cours
1834,pancotto
1835,necessari
1836,felic
1837,provid
1838,gondolieri
1839,crow
1840,statuett
1841,tapestri
1842,raw
1843,tasso
1844,splendid
1845,welltend
1846,teodoro
1847,suppli
1848,baiocco
1849,lack
1850,enchant
1851,3
1852,1992
1853,vico
1854,minori
1855,chiesa
1856,john
1857,histor
1858,hill
1859,monterozzi
1860,entir
1861,appetis
1862,mantra
1863,salami
1864,faveri
1865,characteris
1866,guesthous
1867,shitak
1868,classici
1869,thoma
1870,dryston
1871,zecchin
1872,poggio
1873,pirro
1874,borgobrufa
1875,estatecumagriturismo
1876,angelhair
1877,antica
1878,truffl
1879,onto
1880,valuabl
1881,downhil
1882,ascent
1883,sour
1884,reach
1885,cri
1886,sapori
1887,togeth
1888,sicilianstyl
1889,egon
1890,klaud
1891,panoram
1892,abbadia
1893,metallifer
1894,purchas
1895,recent
1896,travertin
1897,aforement
1898,birthday
1899,fruit
1900,jetti
1901,anchovybas
1902,romagnola
1903,warrior
1904,beck
1905,milanesi
1906,throw
1907,mincio
1908,toulà
1909,mazzara
1910,birramisù
1911,40
1912,criteria
1913,unconvent
1914,vital
1915,morn
1916,marchini
1917,cityscape–th
1918,kimchi
1919,homeproduc
1920,credenti
1921,seneca
1922,lezzereni
1923,product
1924,tartlet
1925,vermentino
1926,longer
1927,capitolo
1928,byron
1929,berton
1930,dream
1931,iuliano
1932,fit
1933,ensur
1934,tortuga
1935,archangel
1936,corona
1937,immacolata
1938,orchestr
1939,mixolog
1940,planeta
1941,sitzigorru
1942,hydroelectr
1943,merchant
1944,hunt
1945,fausto
1946,bistrorestaur
1947,aurora
1948,bartolucci
1949,bounti
1950,mel
1951,henri
1952,carpaccio
1953,collector
1954,time
1955,integr
1956,eateri
1957,loro
1958,towncentr
1959,mosaic
1960,chose
1961,majolica
1962,slaughterhous
1963,predict
1964,ampl
1965,toblino
1966,brodo
1967,raviolo
1968,distract
1969,pleasingli
1970,vill
1971,eclect
1972,sensibl
1973,façad
1974,loft
1975,leaf
1976,scottish
1977,baretto
1978,partner
1979,underst
1980,preced
1981,moorishstyl
1982,nigro
1983,salad
1984,clientel
1985,geographi
1986,savoia
1987,sorbet
1988,giuseppa
1989,romano
1990,suvereto
1991,blanch
1992,fourth
1993,preciou
1994,chines
1995,satisfact
1996,naviglio
1997,piacentina
1998,scorzon
1999,bohemian
2000,oyster
2001,1300
2002,barral
2003,asia
2004,50m
2005,prosdocimi
2006,cervia
2007,foundat
2008,rampina
2009,sergio
2010,carrello
2011,campanella
2012,corfu
2013,tree
2014,hardli
2015,vita
2016,maschio
2017,negrini
2018,bistrostyl
2019,fenicottero
2020,caraf
2021,intens
2022,biuso
2023,sandra
2024,delic
2025,frill
2026,reduc
2027,lamb
2028,zannon
2029,probiz
2030,head
2031,everevolv
2032,nineteenthcenturi
2033,strawberri
2034,parliament
2035,cappon
2036,besana
2037,lai
2038,respit
2039,biscotti
2040,visibilio
2041,bu
2042,remulass
2043,convent
2044,toplevel
2045,concept
2046,keen
2047,affreschi
2048,contron
2049,piergiorgio
2050,mentor
2051,welldeserv
2052,niccolò
2053,fishhead
2054,away
2055,zabaglion
2056,kränzelhof
2057,nb
2058,sauerkraut
2059,celest
2060,mantarro
2061,shortest
2062,solociccia
2063,circular
2064,closeknit
2065,choic
2066,ligurianstyl
2067,pastissada
2068,held
2069,imperator
2070,pomegran
2071,mazzafegato
2072,street
2073,bruschetta
2074,freeli
2075,panissa
2076,whenev
2077,società
2078,eleonora
2079,terraceloung
2080,radici
2081,40year
2082,gorgonzola
2083,hardtofind
2084,summertim
2085,gra
2086,enlarg
2087,asolo
2088,immers
2089,pasta
2090,angela
2091,bassi
2092,behind
2093,rein
2094,jut
2095,viaj
2096,caputo
2097,mediev
2098,wealth
2099,camia
2100,ordinari
2101,diario
2102,marzamemi
2103,craftsmen
2104,sculptur
2105,synonym
2106,opt
2107,separ
2108,machin
2109,matscher
2110,access
2111,rock
2112,langh
2113,bought
2114,predinn
2115,expertis
2116,prearrang
2117,sardin
2118,occasion
2119,ettor
2120,le
2121,crème
2122,underground
2123,onyx
2124,adopt
2125,creeper
2126,graduat
2127,gipponi
2128,trabe
2129,pordenon
2130,entic
2131,circella
2132,serendipico
2133,scalera
2134,lifelong
2135,stelio
2136,fountain
2137,vehicl
2138,food
2139,friendship
2140,emilianstyl
2141,taste–rossini
2142,franciosi
2143,lard
2144,copiou
2145,nogher
2146,fogolar
2147,liter
2148,request
2149,laguna
2150,tandoori
2151,reinvent
2152,enbogonè
2153,massucco
2154,nearli
2155,rebuilt
2156,postman
2157,maurizi
2158,champagneria
2159,ça
2160,english
2161,gener
2162,20menu
2163,réva
2164,quickli
2165,tourist
2166,sole
2167,loaf
2168,gilmozzi
2169,warmth
2170,geiser
2171,ripetta
2172,vigezzo
2173,topqual
2174,féold
2175,mao
2176,mother
2177,silvestro
2178,creativ
2179,calabres
2180,chateaubriand
2181,1964
2182,ss13
2183,rispoli
2184,ladl
2185,reggiano
2186,hospit
2187,maîtresommeli
2188,30
2189,wave
2190,race
2191,agliata
2192,semifreddo
2193,forst
2194,cantin
2195,bolzano
2196,equinozio
2197,sheep
2198,doze
2199,tenn
2200,windsor
2201,ostiens
2202,known
2203,sogno
2204,mattia
2205,zerokm
2206,fino
2207,input
2208,mariapaola
2209,herbcrust
2210,macaroon
2211,waltz
2212,federica
2213,assunta
2214,decept
2215,caravello
2216,renato
2217,fresca
2218,krug
2219,tardiva
2220,plin
2221,pancetta
2222,colombano
2223,80
2224,marmo
2225,meatfil
2226,szechuan
2227,primit
2228,icon
2229,seggiano
2230,distinct
2231,mid19c
2232,herbier
2233,flask
2234,ami
2235,luppi
2236,suggestioni
2237,schneider
2238,sugar
2239,copper
2240,european
2241,miss
2242,helm
2243,furlo
2244,partial
2245,toni
2246,montecristo
2247,everyday
2248,saganaki
2249,men
2250,coada
2251,galeata
2252,valpantena
2253,brazilian
2254,greco
2255,bresciana
2256,bianca
2257,quasi
2258,mareand
2259,complet
2260,lacco
2261,psych
2262,fondant
2263,grassland
2264,maglio
2265,orangeri
2266,fresco
2267,1890
2268,wide
2269,senal
2270,carignano
2271,bonet
2272,sirenus
2273,septemb
2274,gaudenzio
2275,rusticstyl
2276,centrestag
2277,costoletta
2278,dannunzio
2279,penna
2280,orang
2281,sausag
2282,15c
2283,servic
2284,inspir
2285,gate
2286,1mq
2287,ciuffetelli
2288,ruggiero
2289,masala
2290,durat
2291,barbecuegril
2292,sine
2293,bark
2294,adjoin
2295,respons
2296,quiet
2297,mahogani
2298,trentinoalto
2299,ultramodern
2300,cairo
2301,dice
2302,rocchetti
2303,wellknown
2304,nora
2305,earthquak
2306,adapt
2307,regal
2308,hilltop
2309,studi
2310,35
2311,skyscrap
2312,busiest
2313,coratella
2314,paradigma
2315,bolder
2316,000m
2317,strongli
2318,woodinspir
2319,osteriastyl
2320,hover
2321,bulgari
2322,borag
2323,cracco
2324,rocca
2325,adriano
2326,frenchitalian
2327,spinach
2328,liquoric
2329,7000
2330,vucciria
2331,cantucci
2332,unpretenti
2333,1912
2334,100ha
2335,broaden
2336,link
2337,abruzzo
2338,hotelrestaur
2339,armerina
2340,leonardi
2341,90
2342,flexibl
2343,augusto
2344,sceneri
2345,follina
2346,trattoriastyl
2347,zone
2348,reflect
2349,mini
2350,pernic
2351,lorenzo
2352,diningroom
2353,cappelli
2354,well
2355,marzullo
2356,miniato
2357,nemi
2358,alleyway
2359,partnership
2360,festiv
2361,treat
2362,piev
2363,nonno
2364,toffe
2365,refectori
2366,gardena
2367,partenop
2368,cleverli
2369,appl
2370,second
2371,progress
2372,fertil
2373,vicciola
2374,bulwark
2375,mandura
2376,brown
2377,royal
2378,richard
2379,dietro
2380,cannavacciuolo
2381,geniu
2382,tirtlan
2383,winter
2384,avoid
2385,berruti
2386,palladiana
2387,120
2388,pelizzari
2389,campiello
2390,focaccia
2391,duca
2392,murges
2393,acid
2394,case
2395,cavour
2396,artichok
2397,bright
2398,standardbear
2399,dautunnoa
2400,countri
2401,theoret
2402,moat
2403,smetana
2404,particip
2405,saporito
2406,overnight
2407,1958
2408,krèsio
2409,arezzo
2410,adda
2411,smeralda
2412,openview
2413,benefit
2414,mirella
2415,grandios
2416,impass
2417,wellstock
2418,carpigiani
2419,benjamin
2420,slight
2421,livia
2422,keyword
2423,consolata
2424,typifi
2425,gerri
2426,vittoria
2427,speranzina
2428,dalla
2429,falser
2430,tataki
2431,guida
2432,steal
2433,casamadr
2434,crust
2435,cousin
2436,1693
2437,unfold
2438,postwar
2439,piastrino
2440,custard
2441,shadi
2442,author
2443,prebugiun
2444,amor
2445,apt
2446,campidano
2447,galateo
2448,vinaigrett
2449,rocco
2450,amaz
2451,cycl
2452,comfort
2453,dio
2454,breccia
2455,alta
2456,sauvignon
2457,ivrea
2458,annurca
2459,comput
2460,patrignano
2461,coast
2462,cajun
2463,domenico
2464,inedita
2465,activ
2466,lama
2467,nigiri
2468,path
2469,orti
2470,coldana
2471,spezia
2472,construct
2473,anthoni
2474,superl
2475,collio
2476,feminin
2477,mustvisit
2478,flavia
2479,amo
2480,povera
2481,tarallo
2482,augurio
2483,chutney
2484,power
2485,outcrop
2486,care
2487,roma
2488,saltwat
2489,parquet
2490,lost
2491,melt
2492,giulia
2493,outset
2494,riesl
2495,valàdess
2496,allaperto
2497,character
2498,3cours
2499,burger
2500,expans
2501,highqual
2502,teishokuset
2503,insist
2504,paella
2505,earthi
2506,timelessli
2507,elena
2508,beerlov
2509,sushi
2510,guancialino
2511,sangro
2512,bear
2513,perata
2514,giovanna
2515,section
2516,lago
2517,tomatobas
2518,gain
2519,push
2520,dish
2521,ivana
2522,bandi
2523,puff
2524,miki
2525,buckwheat
2526,heartili
2527,giasàra
2528,eightcours
2529,ezio
2530,savarin
2531,samuel
2532,ai
2533,baldessari
2534,salomon
2535,say
2536,propos
2537,geometr
2538,agostino
2539,cut
2540,abbazia
2541,somewhat
2542,farm
2543,maiz
2544,fridg
2545,tonic
2546,troop
2547,result
2548,polish
2549,instantli
2550,charleston
2551,grown
2552,mutton
2553,eaten
2554,ventr
2555,stunningli
2556,tufarock
2557,chaotic
2558,umbertid
2559,horizon
2560,girtler
2561,inmat
2562,cutleri
2563,nuovo
2564,trade
2565,institut
2566,equip
2567,piedmont
2568,alpineinfluenc
2569,organ
2570,grödnerhof
2571,versilia
2572,niko
2573,oberhamm
2574,cheeselov
2575,chalk
2576,find
2577,campobello
2578,shell
2579,dori
2580,surviv
2581,group
2582,abat
2583,dine
2584,sand
2585,culinari
2586,kebab
2587,snapper
2588,brianza
2589,porcelain
2590,lucera
2591,cotton
2592,glad
2593,1988
2594,ovalshap
2595,argaj
2596,sotto
2597,corso
2598,capo
2599,romanesco
2600,1987
2601,crisscross
2602,stucco
2603,tantri
2604,novemb
2605,tirtl
2606,assur
2607,bottura
2608,driedcod
2609,articl
2610,ristoclub
2611,antonella
2612,monachil
2613,viu
2614,florian
2615,honest
2616,horsedrawn
2617,overli
2618,whichev
2619,spumon
2620,tuorlo
2621,colli
2622,bolgheri
2623,greek
2624,shorelin
2625,concis
2626,biodynam
2627,condiment
2628,either
2629,gelato
2630,stafler
2631,buffalo
2632,italian
2633,select
2634,vial
2635,indiniò
2636,lighter
2637,focacceria
2638,champagn
2639,baciadonn
2640,pop
2641,piemontes
2642,24month
2643,finest
2644,passion
2645,brain
2646,downtoearth
2647,pass
2648,ariain
2649,fabbro
2650,evan
2651,lamezia
2652,nonstop
2653,sale
2654,1980
2655,velvetcov
2656,barcumpasticceria
2657,extend
2658,lina
2659,filippo
2660,extern
2661,sorrento
2662,schüttelbrot
2663,match
2664,abound
2665,bassetti
2666,erasmo
2667,tonino
2668,pisani
2669,zur
2670,spiritosoic
2671,winckel
2672,lievitazioni
2673,brisket
2674,skier
2675,notabl
2676,saltimbocca
2677,toè
2678,brunch
2679,ala
2680,mogano
2681,sommeli
2682,oneroom
2683,saba
2684,alessio
2685,mention
2686,lengthi
2687,accumul
2688,fritti
2689,lombardo
2690,line
2691,villanova
2692,ultraclass
2693,pois
2694,net
2695,livestock
2696,riscon
2697,california
2698,mauricio
2699,start
2700,marbl
2701,germani
2702,stonevault
2703,fivegrain
2704,last
2705,happi
2706,innov
2707,riscoperta
2708,facil
2709,tajarin
2710,roia
2711,consum
2712,garden
2713,roquefort
2714,francesco
2715,beauti
2716,januariu
2717,treasur
2718,restrict
2719,talk
2720,nautilu
2721,culmin
2722,faultless
2723,globe
2724,cacio
2725,seminario
2726,friend
2727,innocenti
2728,steve
2729,nissen
2730,goggi
2731,wine
2732,overse
2733,third
2734,deep
2735,hustl
2736,heard
2737,chemistri
2738,ateli
2739,suzzara
2740,casamicciola
2741,pico
2742,fazio
2743,segreta
2744,unfussi
2745,aulenti
2746,1989
2747,store
2748,lesina
2749,ornat
2750,recal
2751,boccadass
2752,emanuel
2753,imprezios
2754,signal
2755,armchair
2756,nouveau
2757,bolognes
2758,sort
2759,ox
2760,employe
2761,sordi
2762,valva
2763,195060
2764,smoke
2765,chianina
2766,45km
2767,proudest
2768,bloom
2769,zeno
2770,help
2771,whole
2772,puglia
2773,corteccia
2774,panfilio
2775,carmelo
2776,enclos
2777,macerata
2778,strength
2779,ramo
2780,land
2781,crespi
2782,namelaka
2783,caught
2784,trinità
2785,far
2786,excit
2787,honey
2788,rivoluzion
2789,chalet
2790,lastli
2791,marsala
2792,pepenero
2793,nicola
2794,1614
2795,delizi
2796,indefatig
2797,discov
2798,dove
2799,jasminecov
2800,meroi
2801,pontino
2802,poultri
2803,rug
2804,maritozzo
2805,wellprepar
2806,atzeni
2807,fire
2808,6
2809,santandrea
2810,crystal
2811,entrecot
2812,dellannunziata
2813,lovag
2814,rizzi
2815,tagliolini
2816,lapland
2817,vipiteno
2818,alfresco
2819,rovereto
2820,remot
2821,screen
2822,hous
2823,montefeltro
2824,stube
2825,euro
2826,marc
2827,missoltino
2828,galileo
2829,stop
2830,eraclio
2831,younger
2832,determinedli
2833,laura
2834,dynasti
2835,memori
2836,mugo
2837,paradiso
2838,gin
2839,refriger
2840,bollat
2841,pea
2842,tropea
2843,virginia
2844,cucina
2845,fàula
2846,baccala
2847,tradit
2848,stracotto
2849,liveliest
2850,peat
2851,napoli
2852,maison
2853,pastureland
2854,150
2855,ilario
2856,bertelli
2857,nuova
2858,plateau
2859,bosana
2860,undiminish
2861,difficult
2862,dop
2863,monco
2864,durnwald
2865,coffeepair
2866,contigliano
2867,currant
2868,mupa
2869,era
2870,scratch
2871,aurina
2872,wherea
2873,sard
2874,fulli
2875,zass
2876,reward
2877,gourmet
2878,industri
2879,canella
2880,muro
2881,acquaint
2882,umbrian
2883,19cstyle
2884,lid
2885,agro
2886,littl
2887,santambrogio
2888,scelta
2889,authent
2890,kratter
2891,alway
2892,embark
2893,idyl
2894,polignano
2895,circularbas
2896,whose
2897,annunziata
2898,firstli
2899,boeri
2900,carta
2901,abil
2902,mushroom
2903,trentacosti
2904,ricchebuono
2905,2004
2906,pepp
2907,vesuviu
2908,800m
2909,book
2910,interpret
2911,gaze
2912,neighbour
2913,lee
2914,volcan
2915,superbl
2916,print
2917,24hr
2918,resid
2919,buzz
2920,chargril
2921,scuncilli
2922,morelli
2923,similar
2924,brighten
2925,popular
2926,will
2927,inclement
2928,casatiello
2929,barolo
2930,cerami
2931,sicilia
2932,vincent
2933,gran
2934,lean
2935,nouveaustyl
2936,scardina
2937,roll
2938,stefano
2939,finocchiaro
2940,spectrum
2941,porto
2942,night
2943,ernesto
2944,chignola
2945,liberti
2946,gastrosteria
2947,ski
2948,memorabilia
2949,address
2950,brandnew
2951,michelangelo
2952,orlando
2953,egg
2954,gallega
2955,settl
2956,cypress
2957,botan
2958,macellaria
2959,sacristi
2960,chair
2961,candlestick
2962,societi
2963,cavolo
2964,starstud
2965,alley
2966,quintino
2967,imprint
2968,lentil
2969,strike
2970,sakali
2971,antinori
2972,futur
2973,sebada
2974,bone
2975,piacentin
2976,loos
2977,salsa
2978,scheme
2979,ten
2980,gulf
2981,littleknown
2982,eatali
2983,textur
2984,passioni
2985,china
2986,elegantli
2987,miramonti
2988,pharmaci
2989,burrida
2990,bean
2991,loungestyl
2992,civitella
2993,shelv
2994,leemann
2995,versatil
2996,utini
2997,migliaccio
2998,lucio
2999,dogfish
3000,trumpet
3001,awardwin
3002,15km
3003,6c
3004,tavolara
3005,caramanico
3006,barbara
3007,fabul
3008,oltrepò
3009,quarto
3010,chiavari
3011,bespok
3012,photograph
3013,scottadito
3014,900m
3015,professor
3016,ennio
3017,luri
3018,pastalov
3019,elich
3020,picagg
3021,mariella
3022,pecorino
3023,azur
3024,sgrò
3025,feniletto
3026,shave
3027,fool
3028,turmer
3029,zabajon
3030,fame
3031,mission
3032,poppi
3033,leg
3034,luigi
3035,pipero
3036,suili
3037,varieti
3038,flourish
3039,perfect
3040,sardinian
3041,langosteria
3042,us
3043,ragout
3044,brescian
3045,chjùbica
3046,vezzani
3047,hilli
3048,oven
3049,despit
3050,kilometr
3051,crescendo
3052,worker
3053,tackl
3054,sincer
3055,asiago
3056,gestur
3057,misurina
3058,lillaz
3059,tuscanstyl
3060,bordo
3061,calandrino
3062,skirt
3063,scalo
3064,oberwirt
3065,makorè
3066,exuber
3067,faith
3068,neck
3069,step
3070,fusion
3071,multistar
3072,vine
3073,championship
3074,bazzano
3075,ero
3076,begin
3077,lecc
3078,salar
3079,messina
3080,landi
3081,michael
3082,royalhotel
3083,gastrofluvi
3084,favignana
3085,partli
3086,casual
3087,ca
3088,unexpectedli
3089,mura
3090,yoji
3091,ingiulla
3092,2020
3093,piombino
3094,farra
3095,craparo
3096,prosciutto
3097,often
3098,uphold
3099,aprea
3100,engel
3101,santa
3102,curios
3103,cutlet
3104,plessi
3105,devot
3106,pineappl
3107,jewel
3108,intellig
3109,extraordinarili
3110,masterpiec
3111,gazebo
3112,rainer
3113,forino
3114,macer
3115,therasia
3116,win
3117,orecchiett
3118,marotta
3119,colosseum
3120,word
3121,enorm
3122,antico
3123,salama
3124,kursaal
3125,zerowast
3126,luisl
3127,solo
3128,pata
3129,dialect
3130,morello
3131,sowthistl
3132,aic
3133,shank
3134,alcov
3135,provola
3136,campagna
3137,twelv
3138,bouillabaissestyl
3139,brought
3140,parisian
3141,huber
3142,newest
3143,chioccia
3144,fogli
3145,convinc
3146,84
3147,fed
3148,pantheon
3149,craftsmanship
3150,assisi
3151,bellagio
3152,worri
3153,follow
3154,ancona
3155,content
3156,20
3157,piec
3158,fiumicino
3159,eliseo
3160,car
3161,father
3162,column
3163,tofan
3164,probabl
3165,woodland
3166,caciocavallo
3167,incompar
3168,valentina
3169,northamerican
3170,discuss
3171,photographi
3172,firstfloor
3173,banco
3174,capit
3175,escarol
3176,piadin
3177,rariti
3178,pepe
3179,vistamar
3180,luca
3181,fenoglio
3182,panzerotti
3183,eye
3184,notic
3185,faraglioni
3186,phi
3187,fall
3188,montoro
3189,villadorata
3190,pork
3191,è
3192,300ha
3193,masterli
3194,murano
3195,toast
3196,koji
3197,garbanzo
3198,25th
3199,4km
3200,flora
3201,laden
3202,1991
3203,nazioni
3204,coincid
3205,mouthwat
3206,sulmona
3207,nib
3208,volumnia
3209,discoveri
3210,cardelli
3211,oper
3212,workmanship
3213,lagrein
3214,trust
3215,gabriel
3216,agli
3217,erminio
3218,bresaola
3219,romani
3220,armi
3221,glassfront
3222,bouchard
3223,bottagisio
3224,liveli
3225,christoph
3226,franciacorta
3227,lazzarini
3228,teles
3229,trendi
3230,erbett
3231,stroll
3232,nicknam
3233,adjac
3234,vision
3235,individu
3236,sasso
3237,cattaneo
3238,british
3239,heritag
3240,smile
3241,matilda
3242,weingut
3243,cinti
3244,susanna
3245,pigna
3246,bruno
3247,melandri
3248,drawer
3249,anacapri
3250,marches
3251,ringroad
3252,overseen
3253,pezzuto
3254,2014
3255,cicetta
3256,smoker
3257,dot
3258,francesca
3259,vesta
3260,tray
3261,nino
3262,ownerchef
3263,vista
3264,levanto
3265,ravioli
3266,architectur
3267,1850
3268,frisel
3269,genuin
3270,anniversari
3271,gratin
3272,everpres
3273,flavour
3274,mecca
3275,cep
3276,risotto
3277,moment
3278,pappa
3279,unit
3280,fasano
3281,cozzetto
3282,maremmani
3283,price
3284,north
3285,surpris
3286,heinz
3287,commend
3288,rex
3289,cattl
3290,bulk
3291,zeninspir
3292,vegetarian
3293,stronghold
3294,dire
3295,seri
3296,saddl
3297,quarter
3298,salento
3299,tire
3300,chic
3301,oliv
3302,cuoco
3303,honor
3304,silenc
3305,camp
3306,attract
3307,resembl
3308,approxim
3309,josta
3310,pisarei
3311,naturalité
3312,crown
3313,carriag
3314,holiday
3315,parma
3316,lawn
3317,saltwort
3318,verbena
3319,entrail
3320,lloyd
3321,nostri
3322,napolitanstyl
3323,sister
3324,elabor
3325,fri
3326,–
3327,202223
3328,malcesin
3329,deconsecr
3330,’
3331,deliber
3332,gigant
3333,cigar
3334,gelliu
3335,roam
3336,sformatino
3337,pontinia
3338,roberta
3339,museumlik
3340,stravecchio
3341,certain
3342,monach
3343,mauro
3344,domodossola
3345,meschio
3346,mancino
3347,sumptuou
3348,mart
3349,carracci
3350,fusillon
3351,stall
3352,24
3353,waiter
3354,galaxi
3355,mazzorbo
3356,brera
3357,pallon
3358,salcheto
3359,buzara
3360,bresciastyl
3361,capac
3362,vera
3363,formerli
3364,leaven
3365,supplement
3366,torsiello
3367,origin
3368,piccolo
3369,unchang
3370,suburb
3371,catania
3372,smallest
3373,croccantezza
3374,monfort
3375,austrian
3376,parlour
3377,pub
3378,hot
3379,stew
3380,gerani
3381,floortoceil
3382,seemingli
3383,ortisei
3384,workingclass
3385,santoro
3386,rustic
3387,compatriot
3388,cabinet
3389,spruce
3390,file
3391,gara
3392,gioia
3393,proudli
3394,woodburn
3395,casoncelli
3396,adorn
3397,marconi
3398,simpl
3399,use
3400,500m
3401,11
3402,flower
3403,seabream
3404,cure
3405,madoni
3406,subtl
3407,without
3408,shrine
3409,prosperi
3410,airaudo
3411,gianfranco
3412,muse
3413,celebratori
3414,sublim
3415,acquedotto
3416,montepulciano
3417,straordinario
3418,così
3419,noholdsbar
3420,coastal
3421,castelvetro
3422,fassona
3423,oglio
3424,puré
3425,fail
3426,cheesecak
3427,neapolitan
3428,wast
3429,osti
3430,1km
3431,tagliatel
3432,guess
3433,falco
3434,clandestino
3435,mio
3436,evangelista
3437,cognac
3438,rise
3439,penthousestyl
3440,polystyren
3441,caterina
3442,strombolicchio
3443,mole
3444,icehous
3445,corridor
3446,lionetti
3447,90€
3448,groan
3449,giampiero
3450,heinrich
3451,busier
3452,cabl
3453,beef
3454,lillybet
3455,contemporarycumminimalist
3456,piedmonteseinfluenc
3457,intertwin
3458,catinaccio
3459,60th
3460,sturgeon
3461,alessandrina
3462,1126
3463,catch
3464,salesman
3465,carrega
3466,hare
3467,lili
3468,kalugaamur
3469,1906
3470,goodqual
3471,elev
3472,dynam
3473,wellspacedout
3474,nonfish
3475,maiellabi
3476,lippi
3477,grandeur
3478,previous
3479,tuber
3480,succul
3481,sein
3482,lakefront
3483,cucolo
3484,adept
3485,promis
3486,turbot
3487,encompass
3488,14c
3489,recur
3490,forest
3491,rib
3492,enzo
3493,cling
3494,host
3495,kindergarten
3496,pagliazza
3497,pievasciata
3498,accomplish
3499,preposit
3500,tablet
3501,caponata
3502,teapot
3503,1700
3504,baldassar
3505,eleg
3506,archaeolog
3507,rural
3508,magnini
3509,damask
3510,includ
3511,residenti
3512,tworoom
3513,mia
3514,intensifi
3515,guido
3516,imag
3517,nuov
3518,accommod
3519,manger
3520,trento
3521,beerthem
3522,deeper
3523,regret
3524,piccini
3525,brandacujun
3526,go
3527,cappuccino
3528,bacher
3529,padoan
3530,balanc
3531,infal
3532,radish
3533,caviar
3534,savona
3535,eventu
3536,italianstyl
3537,70
3538,cicognolo
3539,dello
3540,southernmost
3541,undoubtedli
3542,sunni
3543,stüa
3544,degli
3545,colleagu
3546,dagostino
3547,capestrano
3548,angler
3549,bare
3550,paper
3551,whip
3552,stracchino
3553,pekingstylemora
3554,madama
3555,soul
3556,nurtur
3557,allevato
3558,pastur
3559,schio
3560,capitano
3561,delicaci
3562,montefollonico
3563,giardinetto
3564,clearli
3565,sappada
3566,friggitello
3567,express
3568,watermil
3569,emilia
3570,pïacenza
3571,advantag
3572,exalt
3573,como
3574,florentin
3575,carlotta
3576,fuori
3577,malloreddu
3578,1971
3579,christma
3580,raffael
3581,bonu
3582,campsit
3583,gronchi
3584,isol
3585,lace
3586,soldier
3587,viaggi
3588,carmagnola
3589,expens
3590,tuna
3591,arva
3592,brazil
3593,shown
3594,encount
3595,speci
3596,degan
3597,goe
3598,her
3599,rovati
3600,scorpion
3601,opposit
3602,quicker
3603,lanzagallo
3604,rice
3605,mercato
3606,oseleta
3607,detail
3608,switzerland
3609,parkhotel
3610,jamantè
3611,guest
3612,palumbo
3613,culurgion
3614,buffet
3615,castl
3616,harmoni
3617,frontofhous
3618,intuit
3619,giardiniera
3620,giovanni
3621,strict
3622,1880
3623,terracina
3624,filindeu
3625,ladinia
3626,oldani
3627,good
3628,teal
3629,futurist
3630,pak
3631,trofi
3632,bar
3633,alciati
3634,lifestyl
3635,bigoli
3636,exampl
3637,divid
3638,dusk
3639,execut
3640,pescocostanzo
3641,captur
3642,robiola
3643,xx
3644,situat
3645,specialist
3646,acireal
3647,overal
3648,cesario
3649,consid
3650,renown
3651,1478
3652,gastronom
3653,quintogusto
3654,shiso
3655,layout
3656,expertli
3657,flake
3658,disappoint
3659,centenari
3660,storico
3661,pollenzo
3662,longtim
3663,fell
3664,soccorso
3665,vegetablemeat
3666,cuttaia
3667,beer
3668,varaita
3669,bonito
3670,relic
3671,newer
3672,own
3673,baba
3674,redwin
3675,year
3676,silvia
3677,lucca
3678,natur
3679,denomin
3680,item
3681,panzanella
3682,onion
3683,barley
3684,pellicano
3685,term
3686,flamingo
3687,el
3688,zanasi
3689,chantant
3690,barbaresco
3691,affogato
3692,ciasa
3693,plaza
3694,murat
3695,burgundystyl
3696,patagonian
3697,chiaracia
3698,brand
3699,spaghetto
3700,skill
3701,effortlessli
3702,foremost
3703,cookwar
3704,particolar
3705,wood
3706,properti
3707,trevigiana
3708,larg
3709,cauliflow
3710,nitto
3711,inject
3712,glassenclos
3713,novo
3714,proprietà
3715,increas
3716,dialogu
3717,sagrestia
3718,paragon
3719,pandolfo
3720,lightli
3721,narrow
3722,prato
3723,lakeinspir
3724,mash
3725,blind
3726,fratelli
3727,acquapartita
3728,genoesestyl
3729,bordeauxstyl
3730,mani
3731,rana
3732,genoes
3733,old
3734,naiv
3735,fond
3736,stray
3737,exhaust
3738,nina
3739,alfonso
3740,undoubt
3741,chapter
3742,nostr
3743,formichella
3744,cardi
3745,astut
3746,date
3747,amerigo
3748,throughout
3749,eden
3750,spoltino
3751,rho
3752,everywher
3753,repubblica
3754,todi
3755,cogliardo
3756,sutri
3757,valtellinastyl
3758,transform
3759,cetona
3760,beetroot
3761,canal
3762,chicco
3763,marini
3764,due
3765,camillo
3766,clear
3767,curd
3768,hall
3769,impress
3770,8pm
3771,castelfranco
3772,jealous
3773,loungecumwin
3774,chang
3775,belltow
3776,fragsburg
3777,dalba
3778,eschew
3779,abandon
3780,outstand
3781,tart
3782,metro
3783,man
3784,whiski
3785,local
3786,practic
3787,sett
3788,sushistyl
3789,inhous
3790,stuff
3791,cake
3792,shift
3793,girl
3794,tunnel
3795,2015
3796,grandpar
3797,uninterest
3798,get
3799,permit
3800,bend
3801,let
3802,uphil
3803,earn
3804,becam
3805,trucco
3806,sesam
3807,dobbiaco
3808,self
3809,quel
3810,prove
3811,layer
3812,thorough
3813,aroma
3814,finger
3815,fragrant
3816,aptli
3817,mantova
3818,60km
3819,nobl
3820,marta
3821,trove
3822,aristocrat
3823,puglian
3824,inde
3825,hosomaki
3826,put
3827,mid1800
3828,sforzesco
3829,come
3830,fiat
3831,silvio
3832,bruxaboschi
3833,mazzoleni
3834,monferrini
3835,absolut
3836,truer
3837,speed
3838,offanengo
3839,marzipan
3840,ink
3841,ostuni
3842,sell
3843,microproduc
3844,highlevel
3845,moscato
3846,hike
3847,crowd
3848,20min
3849,oxtail
3850,apostl
3851,numer
3852,bustl
3853,accanto
3854,hay
3855,ingalera
3856,fiordilatt
3857,betterknown
3858,note
3859,uptod
3860,nearbi
3861,oliva
3862,deco
3863,fattyacid
3864,maccaron
3865,scarpetta
3866,itinerari
3867,fir
3868,postorino
3869,1900
3870,palmi
3871,two
3872,twomichelinstar
3873,attent
3874,effici
3875,dama
3876,evoluzion
3877,ivano
3878,sacro
3879,posti
3880,burratina
3881,bufala
3882,maqui
3883,venison
3884,fortress
3885,floriano
3886,amid
3887,barbistro
3888,interact
3889,martino
3890,lover
3891,aria
3892,umeboshi
3893,nel
3894,distinctli
3895,particular
3896,lombardian
3897,mascia
3898,sorrentino
3899,ciro
3900,nowast
3901,acaja
3902,anto
3903,environment
3904,eugenia
3905,natalini
3906,octob
3907,spend
3908,dolcedo
3909,contemporaneità
3910,east
3911,railway
3912,sigilinium
3913,fig
3914,petrosino
3915,everi
3916,subject
3917,raf
3918,nunzio
3919,signific
3920,12c
3921,9th
3922,taglienti
3923,regard
3924,adriat
3925,catalogu
3926,betancourt
3927,multicultur
3928,cook
3929,caravaggio
3930,mirto
3931,vegetariano
3932,imbu
3933,dug
3934,aretusi
3935,left
3936,zazzara
3937,kombu
3938,romeo
3939,shark
3940,collect
3941,neapolitaninfluenc
3942,dolomieu
3943,ride
3944,trio
3945,hiphop
3946,frame
3947,katia
3948,pella
3949,contribut
3950,free
3951,esperienz
3952,vermouth
3953,trentingrana
3954,arrosticini
3955,ever
3956,king
3957,puf
3958,bistrobar
3959,describ
3960,cacciator
3961,argentin
3962,entranc
3963,lunchtim
3964,fiamma
3965,depoca
3966,venosa
3967,biodivers
3968,linen
3969,sofa
3970,hamachi
3971,ducass
3972,2001
3973,fork
3974,sake
3975,squar
3976,press
3977,ampezzostyl
3978,shiroya
3979,overlook
3980,elong
3981,delight
3982,broader
3983,cavallino
3984,less
3985,pistachio
3986,strait
3987,courtyard
3988,recreat
3989,timeless
3990,personalis
3991,timbal
3992,geotherm
3993,roero
3994,italianbrazilian
3995,fold
3996,boost
3997,espelett
3998,dissect
3999,landscap
4000,giardino
4001,flair
4002,lie
4003,spectacular
4004,eleven
4005,intramontabili
4006,candia
4007,panfri
4008,montreal
4009,sapio
4010,navelli
4011,wind
4012,ancient
4013,ciociara
4014,crema
4015,larossa
4016,1000
4017,stand
4018,palermo
4019,anchor
4020,lit
4021,justic
4022,flaiano
4023,greet
4024,nascosto
4025,winebar
4026,frigoriferi
4027,tortellant
4028,cotta
4029,artnouveau
4030,2023
4031,ideal
4032,cannonau
4033,dorona
4034,bisqu
4035,gherardesca
4036,suitabl
4037,woodbeam
4038,melania
4039,avail
4040,subdivid
4041,arriv
4042,supervis
4043,substanti
4044,export
4045,suckl
4046,powderflavour
4047,vintag
4048,contemporan
4049,seriana
4050,tuttoilresto
4051,leonardo
4052,refurbish
4053,hope
4054,apostelstub
4055,chatgpt
4056,vast
4057,di
4058,karl
4059,suggest
4060,foodenthusiast
4061,purest
4062,gnocchi
4063,secondfloor
4064,susci
4065,detract
4066,spitroast
4067,matur
4068,vares
4069,enthusiasm
4070,tyrol
4071,aquila
4072,version
4073,root
4074,heed
4075,flock
4076,pigeon
4077,papal
4078,russi
4079,inexhaust
4080,giorgio
4081,belludia
4082,acornflour
4083,cacciag
4084,spoleto
4085,walk
4086,perch
4087,stun
4088,pari
4089,immortalis
4090,94a
4091,unnecessari
4092,pavan
4093,crumb
4094,gualdo
4095,sassi
4096,h
4097,garibaldi
4098,aromat
4099,team
4100,former
4101,pazientina
4102,mandatori
4103,crêuza
4104,traditionalstyl
4105,mutuo
4106,bentivoglio
4107,pool
4108,cilenti
4109,fishbon
4110,paprika
4111,genoves
4112,tita
4113,gnocchetti
4114,oregano
4115,button
4116,mediumstructur
4117,siciliana
4118,mezz
4119,sirmion
4120,troisi
4121,meatbas
4122,appear
4123,joy
4124,romant
4125,brigida
4126,desir
4127,mediterraneaninspir
4128,deliv
4129,brill
4130,pleas
4131,marra
4132,flute
4133,phrase
4134,padova
4135,ingles
4136,diet
4137,verbano
4138,adler
4139,succumb
4140,anna
4141,fettuccin
4142,ethic
4143,cagliari
4144,brunner
4145,cossio
4146,greater
4147,minimaliststyl
4148,whitefish
4149,hut
4150,larch
4151,longheld
4152,surround
4153,opportun
4154,fabio
4155,proxim
4156,dalpeggio
4157,ticket
4158,purist
4159,camiano
4160,gola
4161,michela
4162,trentini
4163,sakai
4164,zabaion
4165,halfhour
4166,lumpfish
4167,10
4168,pescatori
4169,stile
4170,multi
4171,afternoon
4172,matriciana
4173,vertigin
4174,driver
4175,stilt
4176,alessandra
4177,muffl
4178,bacoli
4179,richli
4180,vigevano
4181,winetast
4182,prais
4183,tortino
4184,lino
4185,speak
4186,window
4187,quinto
4188,mayo
4189,unspoilt
4190,bottoni
4191,jame
4192,iberian
4193,macello
4194,frequent
4195,musciora
4196,rye
4197,piero
4198,silverwar
4199,18th
4200,salti
4201,1887
4202,alpinestyl
4203,slide
4204,sorbir
4205,fasan
4206,manicon
4207,1602
4208,mamma
4209,olbia
4210,also
4211,positano
4212,nicolò
4213,venetianstyl
4214,kid
4215,bridg
4216,kosovo
4217,control
4218,ruffl
4219,36
4220,treviso
4221,intestin
4222,arno
4223,faenza
4224,antonio
4225,explan
4226,sienes
4227,radetzki
4228,admir
4229,indian
4230,700
4231,roomcumveranda
4232,handmad
4233,tile
4234,beluga
4235,lessknown
4236,carpentri
4237,sadler
4238,tricesimo
4239,rosemari
4240,carlo
4241,frosio
4242,sevencours
4243,tapasstyl
4244,30th
4245,perpendicular
4246,textil
4247,district
4248,baroni
4249,agre
4250,belt
4251,maritimestyl
4252,imagin
4253,ciotti
4254,northwest
4255,bygon
4256,idylio
4257,1960
4258,exchang
4259,pancak
4260,general
4261,monosilio
4262,misl
4263,dogg
4264,mussel
4265,orobica
4266,chilli
4267,della
4268,buca
4269,soav
4270,1952
4271,spatula
4272,factori
4273,rebirth
4274,reheat
4275,regular
4276,trentino
4277,prest
4278,fossombron
4279,fatherandson
4280,guarino
4281,truffleflavour
4282,verg
4283,problem
4284,refug
4285,compet
4286,mare
4287,basic
4288,fuoco
4289,ercol
4290,va
4291,terracecumloung
4292,hernan
4293,nich
4294,neorur
4295,vegetali
4296,adènzia
4297,poetri
4298,dim
4299,capodifium
4300,lucchesi
4301,palac
4302,agata
4303,fabrizi
4304,lesserknown
4305,connoisseur
4306,calamarro
4307,angolo
4308,issa
4309,numana
4310,forlì
4311,elia
4312,balbianello
4313,1973
4314,staff
4315,roast
4316,preziosa
4317,zaki
4318,junction
4319,dongiò
4320,explod
4321,vietri
4322,turi
4323,navona
4324,openplan
4325,largest
4326,abruzzi
4327,robi
4328,renaiss
4329,pompeo
4330,sauc
4331,meanwhil
4332,entrepreneur
4333,salvo
4334,petal
4335,quintero
4336,bordighera
4337,four
4338,bento
4339,parolina
4340,beneath
4341,miso
4342,erb
4343,patron
4344,aost
4345,butter
4346,torr
4347,interestingli
4348,patricia
4349,vintagestyl
4350,shipyard
4351,nephew
4352,function
4353,1804
4354,velouté
4355,odyssey
4356,pianist
4357,hosteria
4358,medici
4359,stone
4360,arnaldo
4361,type
4362,enea
4363,nonresid
4364,tistot
4365,tild
4366,stringi
4367,latest
4368,18
4369,monteriggioni
4370,descent
4371,set
4372,praianes
4373,sign
4374,school
4375,footbal
4376,actual
4377,friday
4378,giacinto
4379,frattaubread
4380,per
4381,brambilla
4382,lower
4383,velveti
4384,pucia
4385,200th
4386,bathroom
4387,bergeretto
4388,compens
4389,sit
4390,biafora
4391,strawseat
4392,rivarola
4393,2018
4394,cosmo
4395,orchard
4396,sixti
4397,scaligero
4398,torron
4399,hundr
4400,silent
4401,jacopo
4402,gentli
4403,tack
4404,wisteriashad
4405,disappear
4406,invit
4407,emozioni
4408,lichen
4409,piano–ther
4410,state
4411,sultano
4412,nativ
4413,cére
4414,elsa
4415,rare
4416,wife
4417,soya
4418,vigilio
4419,formazza
4420,cerea
4421,lavagna
4422,bake
4423,alba
4424,pull
4425,guidi
4426,1773
4427,thank
4428,evergrow
4429,ferrara
4430,standout
4431,toledo
4432,gargnano
4433,visit
4434,delsa
4435,urquiola
4436,fresh
4437,clean
4438,sicili
4439,grandi
4440,canada
4441,siviero
4442,daylight
4443,ask
4444,daughter
4445,pistoletto
4446,santo
4447,cantinon
4448,crenel
4449,moder
4450,regi
4451,vietres
4452,dimora
4453,spaghetti
4454,contemporaryalpin
4455,chanterel
4456,curli
4457,brunois
4458,lucassino
4459,hush
4460,involtini
4461,fireplac
4462,cedron
4463,nutmeg
4464,gene
4465,1990
4466,panel
4467,angelina
4468,c
4469,limeston
4470,dumpl
4471,cv
4472,sciò
4473,bottl
4474,hagen
4475,narrowest
4476,restaurantown
4477,brasato
4478,vault
4479,open
4480,molis
4481,simonato
4482,iacopo
4483,natal
4484,laurel
4485,cilento
4486,stabl
4487,mezzanin
4488,riflesso
4489,utmost
4490,foot
4491,sarca
4492,gradual
4493,flatbread
4494,quarta
4495,respect
4496,scottona
4497,rivoli
4498,meravigliao
4499,merli
4500,lift
4501,territorio
4502,pud
4503,final
4504,highest
4505,aperitif
4506,simpli
4507,fellow
4508,social
4509,murrua
4510,even
4511,grosseto
4512,pleasur
4513,gel
4514,still
4515,ora
4516,embellish
4517,937m
4518,sensit
4519,transatlant
4520,greeneri
4521,bue
4522,email
4523,rossini
4524,un
4525,breda
4526,teresa
4527,trastever
4528,nduja
4529,mt
4530,nourish
4531,scialatielli
4532,normal
4533,forti
4534,giusepp
4535,approach
4536,color
4537,main
4538,meati
4539,18ha
4540,accompani
4541,slovenian
4542,benaco
4543,shone
4544,filanda
4545,maranello
4546,celebr
4547,overflow
4548,bomba
4549,journey
4550,longhini
4551,join
4552,sky
4553,noli
4554,hintner
4555,moulard
4556,alpago
4557,53
4558,murato
4559,rebrand
4560,café
4561,1910
4562,e
4563,travel
4564,emigr
4565,altamura
4566,canossa
4567,oasi
4568,steiner
4569,vall
4570,supplier
4571,oili
4572,passard
4573,ossobucofil
4574,face
4575,caravella
4576,vecchia
4577,viviana
4578,flag
4579,lana
4580,reclam
4581,hyatt
4582,ceram
4583,paola
4584,incred
4585,boat
4586,iacobucci
4587,boulder
4588,cordero
4589,alongsid
4590,sheepfold
4591,capretta
4592,25
4593,300m
4594,struscio
4595,fritta
4596,mangiala
4597,season
4598,villani
4599,plu
4600,engag
4601,finedin
4602,bell
4603,coquu
4604,differ
4605,scicli
4606,pisciotta
4607,charcuteri
4608,bistrot
4609,pheasant
4610,burri
4611,farmyard
4612,beacon
4613,pave
4614,allergi
4615,1934
4616,trophi
4617,7
4618,picturepostcard
4619,grassi
4620,bodi
4621,patienc
4622,rel
4623,toku
4624,livorno
4625,avino
4626,décor
4627,palaud
4628,vinegar
4629,scapecchi
4630,ponza
4631,fussi
4632,target
4633,ugolotti
4634,mostli
4635,biancu
4636,menton
4637,manoppello
4638,check
4639,sara
4640,cumin
4641,bearer
4642,aquarium
4643,600m
4644,tea
4645,cold
4646,esperienza
4647,crest
4648,lomellina
4649,brogna
4650,develop
4651,barpasticceria
4652,carnaghi
4653,emuls
4654,fleme
4655,marjoram
4656,cime
4657,alici
4658,anyon
4659,stateoftheart
4660,extra
4661,along
4662,lanza
4663,mascarpon
4664,200
4665,coppa
4666,centuri
4667,green
4668,bressan
4669,carpet
4670,flan
4671,chocol
4672,halffri
4673,corniola
4674,build
4675,music
4676,cavalieri
4677,tenet
4678,novic
4679,ti
4680,pre
4681,mediterraneo
4682,tempura
4683,doubl
4684,friuli
4685,singl
4686,substanc
4687,giustino
4688,calabria
4689,tower
4690,mainland
4691,librarystyl
4692,shore
4693,saturday
4694,ginetta
4695,simpler
4696,steel
4697,manti
4698,wish
4699,slice
4700,nation
4701,000
4702,earth
4703,selva
4704,side
4705,bechamel
4706,tronto
4707,somma
4708,tagliata
4709,folli
4710,incàlmo
4711,ju
4712,gricia
4713,prefer
4714,dresser
4715,plain
4716,cerreto
4717,crippa
4718,kondo
4719,provolon
4720,betray
4721,crew
4722,exist
4723,neapolitanstyl
4724,junior
4725,feltrin
4726,vertical
4727,acereta
4728,cima
4729,seed
4730,fine
4731,children
4732,flagship
4733,stock
4734,option
4735,commun
4736,budget
4737,colder
4738,adject
4739,draw
4740,alik
4741,cortina
4742,fundament
4743,enabl
4744,perpetu
4745,spimpolo
4746,caluso
4747,michelina
4748,delicato
4749,mile
4750,rosmarino
4751,magnolia
4752,warehous
4753,massimo
4754,pergola
4755,milan
4756,specialti
4757,passiria
4758,tokuyoshi
4759,erbazzon
4760,gianpaolo
4761,honour
4762,lime
4763,endiv
4764,premis
4765,marca
4766,anolini
4767,pollock
4768,wineenthusiast
4769,sull
4770,seaurchin
4771,charmingli
4772,palat
4773,modest
4774,pastiera
4775,bid
4776,inn
4777,apennin
4778,paint
4779,breadstick
4780,epicentr
4781,federico
4782,boccondivino
4783,sold
4784,rosso
4785,belov
4786,sui
4787,agnoli
4788,vulcanello
4789,monica
4790,yolk
4791,fatjon
4792,bergamostyl
4793,success
4794,rightli
4795,sonya
4796,resound
4797,post
4798,certosa
4799,rizzuto
4800,reveal
4801,lush
4802,burnt
4803,frog
4804,piatto
4805,mescafrancesca
4806,crudo
4807,1848
4808,punctual
4809,motherandson
4810,chioggia
4811,rule
4812,rhubarb
4813,nondescript
4814,umbrella
4815,potato
4816,retain
4817,council
4818,pantesco
4819,test
4820,derrico
4821,brilliant
4822,mä
4823,borgo
4824,portes
4825,late19c
4826,antonino
4827,least
4828,asparagu
4829,lodg
4830,flight
4831,leopard
4832,ducal
4833,dalila
4834,tedeschi
4835,glam
4836,piazza
4837,trafficlimit
4838,garlic
4839,terrainterest
4840,modifi
4841,amaranth
4842,fossaceca
4843,mpustarella
4844,roofbeam
4845,laboratori
4846,outing
4847,naval
4848,polpo
4849,hors
4850,lend
4851,cast
4852,muscat
4853,eas
4854,schlosswirt
4855,pinzolo
4856,nice
4857,lagoon
4858,160
4859,uncompromis
4860,cistern
4861,nive
4862,amount
4863,ziantoni
4864,tender
4865,lucan
4866,rombo
4867,raciti
4868,higher
4869,bianconi
4870,appropri
4871,motorway
4872,acreid
4873,cerreta
4874,echo
4875,harbour
4876,backlit
4877,mood
4878,mirror
4879,opra
4880,advis
4881,bra
4882,residentialstyl
4883,emblem
4884,kerkira
4885,palazzi
4886,garattoni
4887,fat
4888,constantli
4889,tall
4890,seafood
4891,foothil
4892,oliveoil
4893,passageway
4894,kind
4895,apostolo
4896,avantgard
4897,yuzu
4898,oldschool
4899,taragna
4900,urban
4901,sangioves
4902,seven
4903,convey
4904,scamardella
4905,nutriti
4906,grape
4907,punt
4908,receiv
4909,del
4910,wroughtiron
4911,spellbound
4912,castrozza
4913,angiolucci
4914,santi
4915,ponzu
4916,spilimbergo
4917,citru
4918,pappardel
4919,18c
4920,tantal
4921,woodadorn
4922,milano
4923,dovecolour
4924,rang
4925,candl
4926,backdrop
4927,shellfish
4928,lanzellotti
4929,linguin
4930,peca
4931,classiccontemporari
4932,clitunno
4933,sustain
4934,giorgia
4935,molo
4936,reliabl
4937,wrong
4938,marri
4939,pitosforo
4940,territori
4941,lab
4942,negra
4943,reign
4944,dull
4945,choi
4946,granita
4947,gorgnalini
4948,tour
4949,montanara
4950,nowher
4951,imposs
4952,voce
4953,mazzaroni
4954,soufflé
4955,site
4956,panorama
4957,modesti
4958,maze
4959,room
4960,starck
4961,pumpkin
4962,glaze
4963,ramata
4964,offida
4965,portinari
4966,scotti
4967,spiritu
4968,granda
4969,letterina
4970,requir
4971,extraordinari
4972,breast
4973,econom
4974,acacia
4975,pride
4976,baganza
4977,visconti
4978,broad
4979,castello
4980,besid
4981,silvana
4982,owner
4983,castelmagno
4984,gong
4985,berri
4986,limonaia
4987,tool
4988,twentieth
4989,cesar
4990,rout
4991,fiera
4992,paraggi
4993,area
4994,heat
4995,archway
4996,first
4997,masanti
4998,craft
4999,kong
5000,donkey
5001,ruffano
5002,pure
5003,furor
5004,langoustin
5005,trendier
5006,giudecca
5007,swordfish
5008,mean
5009,risoni
5010,task
5011,gramigna
5012,proposta
5013,capricciosa
5014,leopardi
5015,fixedpric
5016,180hectar
5017,annunzio
5018,share
5019,wherev
5020,hearti
5021,romanstyl
5022,bagna
5023,dell
5024,orto
5025,amus
5026,given
5027,salumi
5028,smallscal
5029,three
5030,exterior
5031,period
5032,galleria
5033,savio
5034,shorter
5035,capri
5036,exact
5037,36month
5038,meantim
5039,coriand
5040,biscuit
5041,anima
5042,combo
5043,alp
5044,truli
5045,wellkept
5046,vito
5047,wasabi
5048,fowl
5049,prior
5050,padr
5051,roughli
5052,valzelli
5053,reduct
5054,stockfish
5055,marmi
5056,2010
5057,soak
5058,stool
5059,compromis
5060,città
5061,winepair
5062,pensando
5063,marco
5064,meaning
5065,talent
5066,35min
5067,milazzo
5068,ochr
5069,mouss
5070,spot
5071,capres
5072,chi
5073,romagnolo
5074,touristfrequ
5075,otherwis
5076,provocazioni
5077,lakeshor
5078,pastri
5079,end
5080,multimichelinstar
5081,mulberri
5082,11c
5083,moessmer
5084,hoc
5085,capriat
5086,slowli
5087,sunday
5088,chequer
5089,noteworthi
5090,cipolla
5091,thread
5092,mandarin
5093,1947
5094,lori
5095,name
5096,pasqual
5097,abroad
5098,tench
5099,fiorentina
5100,wisteria
5101,lanteri
5102,german
5103,refer
5104,allud
5105,healthi
5106,adami
5107,someth
5108,felix
5109,centr
5110,laetitia
5111,panna
5112,pezzogna
5113,relazioni
5114,guinea
5115,grasso
5116,vite
5117,prolong
5118,offer
5119,hummu
5120,feo
5121,parmesan
5122,carrozza
5123,nowaday
5124,bartolini
5125,marubini
5126,fill
5127,predomin
5128,hazelnut
5129,calandr
5130,ronchetto
5131,uncompl
5132,tortelli
5133,bill
5134,tranquil
5135,bucol
5136,alto
5137,400
5138,day
5139,profession
5140,halfitalian
5141,proto
5142,softcrunchi
5143,lengthway
5144,pile
5145,fewer
5146,zelo
5147,dirt
5148,sashimi
5149,gianduia
5150,vitello
5151,marcello
5152,wholem
5153,lardo
5154,snowsho
5155,anonym
5156,amberjack
5157,toward
5158,spread
5159,gone
5160,ring
5161,observ
5162,raia
5163,duti
5164,settembr
5165,n
5166,nervi
5167,petru
5168,drip
5169,mundan
5170,remodel
5171,cultiv
5172,cipressi
5173,romana
5174,discipl
5175,morer
5176,gastronomi
5177,soverato
5178,alghero
5179,schlutzkrapfen
5180,modena
5181,alessandro
5182,minnuzza
5183,orta
5184,bouillabaiss
5185,stellaria
5186,toro
5187,corbara
5188,bad
5189,evolv
5190,temperini
5191,extravirgin
5192,de
5193,rosa
5194,spin
5195,cat
5196,refuge
5197,elm
5198,hamlet
5199,lidia
5200,palamita
5201,ristourànt
5202,fattoria
5203,foie
5204,coloni
5205,march
5206,sousvid
5207,castrocaro
5208,rosina
5209,scala
5210,norbert
5211,templ
5212,artist
5213,fossa
5214,sant
5215,greener
5216,vers
5217,child
5218,hide
5219,blu
5220,homecook
5221,uliassi
5222,caruso
5223,canapé
5224,western
5225,aspro
5226,banfi
5227,firma
5228,profondo
5229,establish
5230,small
5231,vergin
5232,beneventano
5233,chefcumentrepreneur
5234,whatev
5235,ultrafresh
5236,une
5237,cremona
5238,al
5239,comandant
5240,could
5241,tastebud
5242,à
5243,surprisingli
5244,sontuosi
5245,job
5246,romanesqu
5247,cave
5248,taco
5249,su
5250,taverna
5251,bàcaro
5252,harri
5253,transfer
5254,paramount
5255,warhol
5256,trota
5257,competit
5258,chip
5259,compris
5260,ownerarchitect
5261,castel
5262,santantonio
5263,issu
5264,rooftop
5265,baccalà
5266,bring
5267,trafilata
5268,nonna
5269,marcelli
5270,sassari
5271,histori
5272,found
5273,henc
5274,exposedbrick
5275,montebor
5276,till
5277,verdur
5278,serva
5279,tell
5280,arcinazzo
5281,anita
5282,19c
5283,cippi
5284,napl
5285,wear
5286,carannant
5287,moro
5288,aragones
5289,129
5290,led
5291,blindfold
5292,cap
5293,disguis
5294,tilia
5295,britishstyl
5296,bergamo
5297,runner
5298,valley
5299,babà
5300,rubiera
5301,continu
5302,venissa
5303,dant
5304,biedermei
5305,guà
5306,pastamak
5307,skate
5308,6pm1am
5309,spong
5310,pacchero
5311,marinad
5312,carpacci
5313,ancestr
5314,albaro
5315,ditalia
5316,degre
5317,mount
5318,other
5319,painter
5320,cannoli
5321,moi
5322,leek
5323,river
5324,salon
5325,liguria
5326,star
5327,tubladel
5328,previou
5329,atyp
5330,revel
5331,codol
5332,thinnest
5333,rais
5334,vivalda
5335,agricultur
5336,order
5337,discreet
5338,bachelor
5339,maniago
5340,snowcov
5341,5
5342,garag
5343,figur
5344,hour
5345,dent
5346,hewn
5347,pet
5348,doorbel
5349,rucola
5350,gragnono
5351,tuff
5352,andana
5353,valtellines
5354,spelt
5355,gisela
5356,deserv
5357,io
5358,leon
5359,seral
5360,soup
5361,call
5362,station
5363,coton
5364,thirti
5365,horsemeat
5366,andrea
5367,swap
5368,coron
5369,sea
5370,joyc
5371,pralin
5372,loprior
5373,arancini
5374,siena
5375,best
5376,domenica
5377,lombardi
5378,skil
5379,laltro
5380,big
5381,cuneo
5382,anghiari
5383,stood
5384,barcumpastri
5385,singer
5386,cod
5387,fairytal
5388,vendemmia
5389,marino
5390,dozen
5391,sandwich
5392,vanacor
5393,sculli
5394,solopiemont
5395,energet
5396,franca
5397,bladder
5398,beaten
5399,3ha
5400,dsquared2
5401,homestyl
5402,larin
5403,replac
5404,meltingpot
5405,afield
5406,aspect
5407,expo
5408,passi
5409,trendiest
5410,juic
5411,locanda
5412,ravenna
5413,nicastro
5414,alajmo
5415,erborinato
5416,opul
5417,trabaccolara
5418,gucci
5419,mortandela
5420,haunt
5421,agavi
5422,mayb
5423,matia
5424,grain
5425,gatti
5426,milanes
5427,storehous
5428,kuppelrain
5429,designerstyl
5430,punta
5431,fiorella
5432,pirandello
5433,amici
5434,gargioli
5435,hue
5436,avocado
5437,acquerello
5438,vescovado
5439,paccheri
5440,aim
5441,bologna
5442,mostarda
5443,standard
5444,pallanza
5445,world
5446,conchiglioni
5447,enclav
5448,piedi
5449,reggio
5450,gualtiero
5451,nightlif
5452,mint
5453,broken
5454,must
5455,trout
5456,birth
5457,savor
5458,enter
5459,sweetcorn
5460,colmetto
5461,essenti
5462,familystyl
5463,reason
5464,moma
5465,peke
5466,tyroles
5467,wrap
5468,pansotti
5469,scuro
5470,mayr
5471,fregula
5472,ascani
5473,menu–of
5474,pierantonio
5475,yeast
5476,built
5477,lunigiana
5478,collina
5479,afraid
5480,gabicc
5481,pupil
5482,verandastyl
5483,scalinata
5484,vigiliu
5485,rapolano
5486,filò
5487,flere
5488,deepgold
5489,intrusi
5490,deal
5491,ivan
5492,tablewar
5493,600
5494,barberini
5495,cala
5496,inherit
5497,pont
5498,ghezzi
5499,support
5500,guangzhou
5501,imagna
5502,water
5503,milon
5504,wing
5505,houseonstilt
5506,abbey
5507,danc
5508,refrigeri
5509,hop
5510,wieser
5511,fagon
5512,du
5513,drawn
5514,mirin
5515,creak
5516,bubbl
5517,businessstyl
5518,seasid
5519,shade
5520,rocket
5521,hidden
5522,marseil
5523,adrià
5524,ripen
5525,earli
5526,attabl
5527,ichikawa
5528,fare
5529,bardini
5530,santamonica
5531,ginger
5532,sudden
5533,involtino
5534,esposito
5535,4cours
5536,londr
5537,barn
5538,exclus
5539,improvis
5540,gianluca
5541,secondli
5542,stranger
5543,mari
5544,guado
5545,sugihara
5546,bavaglino
5547,solar
5548,mislead
5549,poor
5550,hint
5551,zazzeri
5552,bluefin
5553,favourit
5554,lonigo
5555,portion
5556,cater
5557,remo
5558,iaccarino
5559,duo
5560,scottojonno
5561,forc
5562,chairman
5563,ambienti
5564,expert
5565,letter
5566,1969
5567,plane
5568,caramel
5569,understand
5570,five
5571,comprehens
5572,ottima
5573,extravag
5574,furnish
5575,leccardastyl
5576,cooler
5577,68cours
5578,campanian
5579,strictli
5580,liqueur
5581,bressanon
5582,lido
5583,antechamb
5584,roof
5585,allinal
5586,account
5587,plastic
5588,cabernet
5589,laghetto
5590,countless
5591,invent
5592,17c
5593,senigallia
5594,prepar
5595,zhejiang
5596,parco
5597,arancina
5598,arabo
5599,grottino
5600,trabetti
5601,fishermen
5602,conceal
5603,rank
5604,spell
5605,plum
5606,kuroda
5607,menù
5608,appetit
5609,chosen
5610,byblo
5611,sticker
5612,suriano
5613,turin
5614,cuttlefish
5615,salinari
5616,violetta
5617,stay
5618,possoni
5619,vegetablebas
5620,abbruzzino
5621,plenti
5622,parallelsmenu
5623,300
5624,palluda
5625,wineproduc
5626,fano
5627,da
5628,puccini
5629,border
5630,builtin
5631,place
5632,done
5633,ago
5634,fornari
5635,bollita
5636,minimi
5637,galleon
5638,laid
5639,60
5640,chiefli
5641,woodfurnish
5642,creativo
5643,catherin
5644,savour
5645,guancial
5646,slope
5647,bianco
5648,biolo
5649,rolli
5650,dwell
5651,presidiana
5652,carp
5653,colomb
5654,operaia
5655,cornic
5656,asti
5657,sunset
5658,pedestrian
5659,david
5660,frammentith
5661,contemporari
5662,enterpris
5663,libertystyl
5664,ghirlanda
5665,weak
5666,airi
5667,home
5668,berghotel
5669,jelli
5670,latini
5671,novelti
5672,papa
5673,popolo
5674,essenzial
5675,monopoli
5676,touch
5677,mattiacci
5678,superior
5679,determin
5680,precis
5681,marcelin
5682,alchemi
5683,zanini
5684,casano
5685,secondi
5686,adult
5687,thyme
5688,relev
5689,reemerg
5690,mazara
5691,crafun
5692,trabalzini
5693,restaur
5694,rehabilit
5695,1717
5696,pimpernel
5697,santini
5698,virgin
5699,basi
5700,aosta
5701,serv
5702,caciucco
5703,athlet
5704,ricordi
5705,outskirt
5706,cantuccio
5707,welcom
5708,elderberri
5709,ebik
5710,linear
5711,ferrari
5712,improv
5713,salviati
5714,crayfish
5715,cuisine–which
5716,cool
5717,suit
5718,elli
5719,snack
5720,scarello
5721,referenc
5722,elegant
5723,stori
5724,pillar
5725,strengthen
5726,gianni
5727,kitchen
5728,member
5729,decis
5730,want
5731,venezia
5732,28
5733,view
5734,joël
5735,formula
5736,5cours
5737,2007
5738,bite
5739,omit
5740,21
5741,momento
5742,grandfath
5743,speck
5744,beansprout
5745,tondo
5746,rabbit
5747,roe
5748,mame
5749,convivi
5750,1927
5751,arso
5752,loyal
5753,morel
5754,hord
5755,cartoccio
5756,region
5757,easili
5758,mi
5759,plantthem
5760,subdu
5761,fishbas
5762,wellstructur
5763,pinerolo
5764,teramo
5765,bitter
5766,televis
5767,prime
5768,impronta
5769,merlo
5770,7am
5771,offthemenu
5772,girasoli
5773,duomo
5774,praiano
5775,esperanto
5776,passignano
5777,manag
5778,park
5779,alpeggio
5780,morsetti
5781,contrast
5782,wild
5783,volp
5784,maial
5785,bistrò
5786,iannotti
5787,8
5788,pavilion
5789,agnelli
5790,ortigia
5791,1922
5792,gaio
5793,ecosystem
5794,cavales
5795,cultur
5796,grano
5797,predilect
5798,complement
5799,softli
5800,threestar
5801,acanto
5802,rear
5803,linger
5804,mutual
5805,extrem
5806,greenhous
5807,materi
5808,intern
5809,emilio
5810,genoa
5811,haziri
5812,entitl
5813,pair
5814,permeat
5815,coco
5816,pergin
5817,variat
5818,quest
5819,air
5820,finess
5821,framework
5822,profici
5823,filippi
5824,blancmang
5825,giano
5826,streamlin
5827,pesticid
5828,romagnol
5829,ground
5830,ribollita
5831,gianfilippo
5832,parent
5833,attanasio
5834,sommelierhead
5835,beretta
5836,threemichelinstar
5837,shoot
5838,2
5839,estat
5840,pine
5841,burgundi
5842,gambino
5843,thursday
5844,damiano
5845,alreadi
5846,mocellin
5847,castelpoto
5848,chemic
5849,stonework
5850,worth
5851,art
5852,anagram
5853,magona
5854,escabechestyl
5855,misto
5856,unlimit
5857,forio
5858,baglieri
5859,visual
5860,arancino
5861,sure
5862,dv
5863,1982
5864,bristol
5865,contagi
5866,give
5867,person
5868,filippino
5869,decorazioni
5870,pablo
5871,expon
5872,bringoli
5873,completata
5874,thousand
5875,joint
5876,reggia
5877,concattedral
5878,perdomo
5879,conceptbas
5880,brick
5881,gaetano
5882,grillo
5883,playground
5884,ambiental
5885,play
5886,parretti
5887,all
5888,turkish
5889,mist
5890,cacer
5891,petit
5892,pickl
5893,glass
5894,scordo
5895,samboseto
5896,grace
5897,worthwhil
5898,villoresi
5899,fumiko
5900,ladinstyl
5901,totano
5902,thailand
5903,adig
5904,terra
5905,trani
5906,cosi
5907,varella
5908,obstacl
5909,gasthau
5910,uninterrupt
5911,varena
5912,grappoli
5913,calabrianborn
5914,past
5915,parallel
5916,grual
5917,teriyaki
5918,juri
5919,method
5920,verbania
5921,landmark
5922,gardencumol
5923,fishmong
5924,som
5925,glimps
5926,grandma
5927,visitor
5928,nine
5929,stresa
5930,solaika
5931,bound
5932,ega
5933,crusco
5934,ghedini
5935,reinforc
5936,cereal
5937,ficotto
5938,caramelis
5939,muddica
5940,saracca
5941,twist
5942,thought
5943,artisan
5944,format
5945,fishlov
5946,sliver
5947,fisheri
5948,cusago
5949,island
5950,jar
5951,roomaomi
5952,crackl
5953,mozzarella
5954,sail
5955,rather
5956,ariel
5957,haut
5958,plan
5959,vertic
5960,row
5961,1949
5962,martin
5963,beccafico
5964,wellrun
5965,never
5966,spring
5967,fasson
5968,candel
5969,battuta
5970,100m
5971,dusti
5972,ps
5973,appar
5974,lavaston
5975,mid20c
5976,balsam
5977,anni
5978,sassongh
5979,rosewood
5980,noto
5981,abl
5982,herbal
5983,pay
5984,technic
5985,confid
5986,platter
5987,enrico
5988,canderli
5989,vie
5990,chickpea
5991,montecuccoli
5992,specialis
5993,ruin
5994,scoprir
5995,vegetal
5996,meal
5997,ceramist
5998,cane
5999,tast
6000,doria
6001,porteri
6002,servizio
6003,rum
6004,courgett
6005,risorgimento
6006,forgiv
6007,spite
6008,tomatoflavour
6009,sweet
6010,taormina
6011,month
6012,ellipsoid
6013,burba
6014,pietropaoli
6015,rio
6016,forgotten
6017,bettelmatt
6018,intim
6019,zampognaro
6020,banish
6021,ferrero
6022,reli
6023,pesto
6024,colucci
6025,rubik
6026,grouper
6027,explor
6028,kelina
6029,pompanin
6030,floral
6031,appoint
6032,battl
6033,workshop
6034,evening–a
6035,fullbodi
6036,verdi
6037,longstand
6038,import
6039,birthplac
6040,cuisin
6041,lowland
6042,oro
6043,malaspina
6044,feria
6045,lakesid
6046,1938
6047,poverastyl
6048,would
6049,bacio
6050,granddaught
6051,peanut
6052,thick
6053,spotlight
6054,faccani
6055,willing
6056,bath
6057,tonnato
6058,bench
6059,anchovi
6060,guard
6061,life
6062,basqu
6063,beata
6064,manmad
6065,lattuga
6066,teatro
6067,sweetandsour
6068,wellbalanc
6069,15th
6070,vallicella
6071,pinewood
6072,jorg
6073,roy
6074,field
6075,europ
6076,advic
6077,tano
6078,fortif
6079,cinema
6080,announc
6081,guis
6082,spinechil
6083,savouri
6084,document
6085,spice
6086,contain
6087,sono
6088,turnip
6089,formal
6090,directli
6091,french
6092,sformato
6093,impecc
6094,ball
6095,hibiscu
6096,sapid
6097,whitebait
6098,demonstr
6099,question
6100,aesthet
6101,pike
6102,chimichurri
6103,scabin
6104,woodruff
6105,satnav
6106,definit
6107,librari
6108,easier
6109,cuor
6110,qcina
6111,gift
6112,erba
6113,brazier
6114,saletta
6115,milk
6116,illumin
6117,predessert
6118,provenienti
6119,isola
6120,cacciani
6121,coccia
6122,valerio
6123,promontori
6124,savô
6125,fasolato
6126,sprung
6127,casa
6128,full
6129,saporium
6130,“
6131,chard
6132,vibo
6133,locali
6134,museum
6135,luganega
6136,length
6137,nun
6138,lighten
6139,translat
6140,sacco
6141,primari
6142,cassoeula
6143,biennal
6144,locatello
6145,pear
6146,pisser
6147,loggia
6148,feltr
6149,silhouett
6150,petriolo
6151,contrada
6152,‘
6153,palm
6154,while–hidden
6155,kept
6156,1862
6157,bartolo
6158,1954
6159,martella
6160,aficionado
6161,studio
6162,volta
6163,côtesdurhôn
6164,jam
6165,appeal
6166,danilo
6167,tireless
6168,produttori
6169,fallen
6170,present
6171,eel
6172,boil
6173,nazzarena
6174,revolutionis
6175,rapa
6176,though
6177,antipasto
6178,warmer
6179,almost
6180,philosoph
6181,vanlangenaek
6182,wineri
6183,1994
6184,dellorsosemifreddo
6185,dinato
6186,jackson
6187,russian
6188,franc
6189,perla
6190,1870
6191,learn
6192,baldo
6193,grasparossa
6194,depict
6195,zerokilometr
6196,spigaroli
6197,cocktail
6198,network
6199,solid
6200,fortunato
6201,stelvio
6202,bestqual
6203,central
6204,impos
6205,veget
6206,medium
6207,liquida
6208,ritual
6209,lanka
6210,vagu
6211,claudio
6212,steam
6213,trafficrestrict
6214,watch
6215,tomato
6216,bunet
6217,peter
6218,artusi
6219,bellaria
6220,interior
6221,francigena
6222,ciauscolo
6223,capitaneo
6224,cuomo
6225,serena
6226,pasticcio
6227,nardini
6228,2km
6229,sweep
6230,got
6231,conserv
6232,cliff
6233,coastlin
6234,chieppa
6235,chandeli
6236,certifi
6237,jewishstyl
6238,offspr
6239,reminisc
6240,tortellino
6241,albereta
6242,pizzeria
6243,30am
6244,tailormad
6245,amatriciana
6246,perhap
6247,tenaci
6248,amaron
6249,cliché
6250,emin
6251,crunchi
6252,special
6253,fondu
6254,junip
6255,kerm
6256,barbanera
6257,daunt
6258,nostra
6259,tourism
6260,hidalgo
6261,pipe
6262,taurasi
6263,fune
6264,onward
6265,rapini
6266,moura
6267,later
6268,macaroni
6269,caper
6270,ugo
6271,maîtr
6272,aya
6273,tespi
6274,vastes
6275,martina
6276,mediterraneanstyl
6277,tuma
6278,1370
6279,armani
6280,clock
6281,arch
6282,seen
6283,creat
6284,semicircular
6285,giacchini
6286,fabrizia
6287,total
6288,closer
6289,reviv
6290,dip
6291,banner
6292,potì
6293,memoria
6294,quintessenza
6295,basso
6296,brickvault
6297,fifth
6298,noodl
6299,threedish
6300,clever
6301,costantini
6302,evelyn
6303,adjust
6304,accent
6305,maioni
6306,paulo
6307,asado
6308,blumenstub
6309,tri
6310,isarco
6311,centrepiec
6312,shrimp
6313,display
6314,barcumosteria
6315,privaci
6316,antonia
6317,sugo
6318,frutti
6319,antonini
6320,entri
6321,memor
6322,capitan
6323,busa
6324,gluten
6325,stuffi
6326,rich
6327,contamin
6328,twenti
6329,fabrizio
6330,leav
6331,intent
6332,uruguay
6333,gli
6334,mara
6335,seventh
6336,sicilian
6337,oubèrgi
6338,falanghina
6339,pannicolo
6340,ancestor
6341,adriatico
6342,ameno
6343,much
6344,daili
6345,plant
6346,freshest
6347,con
6348,pompei
6349,road
6350,overwhelm
6351,mottaron
6352,beech
6353,occas
6354,svetoni
6355,vinei
6356,muchcovet
6357,port
6358,millston
6359,mirko
6360,legendari
6361,tassa
6362,stress
6363,gobbetto
6364,golpaia
6365,suprem
6366,softshel
6367,elisabeth
6368,dal
6369,tofana
6370,habsburg
6371,true
6372,afford
6373,spa
6374,furnitur
6375,distil
6376,dedic
6377,blueandwhit
6378,erbaluc
6379,icecream
6380,bit
6381,colour
6382,unesco
6383,rino
6384,fuss
6385,officina
6386,michelinstar
6387,inland
6388,instinct
6389,climat
6390,barbato
6391,flowerdeck
6392,baracchi
6393,emcaponada
6394,cefalù
6395,nadia
6396,platform
6397,montani
6398,renov
6399,nikita
6400,owe
6401,zito
6402,perspect
6403,conero
6404,testaccio
6405,breeder
6406,except
6407,caldura
6408,santerasmo
6409,grill
6410,gem
6411,convers
6412,battistoni
6413,golfi
6414,monument
6415,elisa
6416,hazel
6417,sassicaia
6418,myrtleberri
6419,19842024
6420,anoth
6421,allow
6422,excurs
6423,dinfanzia
6424,periodstyl
6425,bernes
6426,paolo
6427,crossvault
6428,sweetsour
6429,bb
6430,blason
6431,raphaël
6432,giarr
6433,straight
6434,recco
6435,leali
6436,proverb
6437,label
6438,unstuffi
6439,distanc
6440,architect
6441,muchvisit
6442,stracciatella
6443,nofril
6444,michelino
6445,spider
6446,scene
6447,diminut
6448,wellchosen
6449,rosemaryflavour
6450,trapanistyl
6451,fefa
6452,ladin
6453,asou
6454,squid
6455,marecchia
6456,picturesqu
6457,chefcumpoet
6458,cicada
6459,borromeo
6460,tongu
6461,ship
6462,monti
6463,focus
6464,eleph
6465,uniqu
6466,bonfadini
6467,bianchi
6468,necessarili
6469,cavi
6470,sibillini
6471,branch
6472,horsesho
6473,meat
6474,scopiccio
6475,arlecchino
6476,colonnata
6477,pina
6478,slightli
6479,beurr
6480,alemb
6481,splendour
6482,tonnè
6483,faster
6484,west
6485,crusko
6486,comic
6487,heavili
6488,mid
6489,belveder
6490,ulmo
6491,basilicata
6492,admit
6493,aviano
6494,pleasantli
6495,guidara
6496,carri
6497,5star
6498,annarita
6499,1940
6500,wellpractis
6501,salt
6502,virgilio
6503,borrow
6504,afterdinn
6505,dock
6506,maiella
6507,parmigiana
6508,broast
6509,galli
6510,noth
6511,volum
6512,ecuador
6513,gold
6514,madr
6515,stage
6516,januari
6517,posto
6518,esordi
6519,cassata
6520,dual
6521,horatio
6522,autumnbas
6523,gianicolo
6524,crostini
6525,typic
6526,film
6527,extract
6528,lot
6529,surgic
6530,fondoval
6531,stuf
6532,counterpart
6533,relax
6534,cedroni
6535,40yolk
6536,encourag
6537,catfish
6538,valentia
6539,granit
6540,short
6541,procida
6542,giada
6543,highli
6544,vedel
6545,blackberri
6546,aqua
6547,romagna
6548,futura
6549,lamp
6550,mural
6551,porcini
6552,laurin
6553,filia
6554,prà
6555,cjarson
6556,nobuya
6557,twomichelin
6558,combin
6559,yorkstyl
6560,master
6561,subtli
6562,marisa
6563,tenor
6564,outlet
6565,meticul
6566,auster
6567,monterosso
6568,strachitunt
6569,revisit
6570,sommità
6571,piccion
6572,mountainstyl
6573,educ
6574,anch
6575,advanc
6576,rend
6577,persuad
6578,forag
6579,cattivelli
6580,meatbal
6581,sophist
6582,voyag
6583,50
6584,piacenza
6585,3c
6586,nod
6587,yoghurt
6588,giacomo
6589,outbuild
6590,mario
6591,umbrichelli
6592,1926
6593,mirabella
6594,outofthisworld
6595,primi
6596,pinch
6597,multilevel
6598,intoler
6599,franco
6600,pamper
6601,knowledg
6602,mallow
6603,randazzo
6604,chicken
6605,abou
6606,vanessa
6607,bino
6608,maicol
6609,rememb
6610,chanc
6611,organis
6612,lobster
6613,enviabl
6614,pellegrino
6615,columbu
6616,aglianico
6617,christian
6618,bream
6619,umbria
6620,catucci
6621,fish
6622,metronom
6623,object
6624,pizzaiola
6625,famili
6626,fli
6627,1901
6628,consider
6629,pepper
6630,manich
6631,lavezzini
6632,coffer
6633,clusan
6634,surfboard
6635,farmhous
6636,millefeuil
6637,marinara
6638,urchin
6639,tribut
6640,painstak
6641,sailboat
6642,marianna
6643,late16c
6644,tavern
6645,soften
6646,flour
6647,manchego
6648,scampi
6649,nettl
6650,breakfast
6651,il
6652,curri
6653,wellconstruct
6654,commit
6655,bistrolik
6656,cafécumbistro
6657,applaud
6658,wonder
6659,warmli
6660,doronzo
6661,pontoon
6662,agrituristica
6663,saltbak
6664,scenic
6665,high
6666,week
6667,seduc
6668,bedroom
6669,tablecloth
6670,allfemal
6671,porceddusuckl
6672,salvia
6673,opitergium
6674,evoc
6675,bore
6676,2024
6677,staircas
6678,reggiana
6679,agnes
6680,roofgarden
6681,lazio
6682,viareggio
6683,taggiasca
6684,chiusi
6685,openair
6686,record
6687,ran
6688,terrin
6689,bottega
6690,complic
6691,ricci
6692,stanzion
6693,cablecar
6694,montefalco
6695,contemporarystyl
6696,menoncin
6697,palmento
6698,palagio
6699,sfoglin
6700,villag
6701,1981
6702,sparingli
6703,basin
6704,guardroom
6705,teverini
6706,vecio
6707,seregno
6708,meatprocess
6709,viewpoint
6710,tradizion
6711,gatto
6712,attimi
6713,conveni
6714,usual
6715,costantino
6716,movi
6717,deservedli
6718,palomba
6719,proprietor
6720,grandson
6721,cash
6722,latter
6723,pressati
6724,mattei
6725,everyth
6726,ceraudo
6727,way
6728,sardinia
6729,husbandandwif
6730,verandadin
6731,confirm
6732,attempt
6733,dallorto
6734,smart
6735,maria
6736,ribey
6737,eighth
6738,andreina
6739,belli
6740,winethem
6741,bagno
6742,dei
6743,marciana
6744,mullet
6745,devetak
6746,badia
6747,cloud
6748,bistro
6749,malga
6750,lukewarm
6751,bosco
6752,forerunn
6753,dairi
6754,poder
6755,cambio
6756,abruzzes
6757,griffa
6758,oh
6759,bellini
6760,direct
6761,chronopoulo
6762,gae
6763,cucumb
6764,9pm
6765,nella
6766,culatello
6767,leandro
6768,enoteca
6769,newli
6770,gagini
6771,naturalwood
6772,strang
6773,1704
6774,palazzomuseum
6775,climb
6776,capabl
6777,allround
6778,tasti
6779,pomodoro
6780,dolomit
6781,sondrio
6782,tiramisù
6783,rieti
6784,granaio
6785,neither
6786,escalop
6787,height
6788,embrac
6789,vatican
6790,ignor
6791,casertano
6792,woodfir
6793,candlelight
6794,trasimeno
6795,luserna
6796,laundri
6797,upper
6798,condo
6799,baita
6800,age
6801,elba
6802,sempion
6803,prussian
6804,baglioni
6805,occhio
6806,wellestablish
6807,longestablish
6808,hoteli
6809,50th
6810,safari
6811,magredi
6812,aircondit
6813,tiberini
6814,silhavì
6815,attilio
6816,brandnam
6817,daria
6818,cappelletti
6819,brodetto
6820,san
6821,parasol
6822,milanesestyl
6823,spanish
6824,signum
6825,blackboard
6826,bergamot
6827,pleasant
6828,silk
6829,beverag
6830,topoftherang
6831,souschef
6832,veneto
6833,provinc
6834,ischia
6835,joia
6836,homebak
6837,classicmodern
6838,omelett
6839,kelp
6840,hotel
6841,design
6842,antiqu
6843,alla
6844,south
6845,omakas
6846,hostelri
6847,unsuccess
6848,cagliaritana
6849,nin
6850,mansion
6851,bestknown
6852,fumag
6853,pictur
6854,evok
6855,giudia
6856,metullio
6857,portrait
6858,obvious
6859,courtesi
6860,planet
6861,clement
6862,basilica
6863,alassio
6864,search
6865,sparkl
6866,better
6867,pastel
6868,lucania
6869,renzi
6870,door
6871,gragnano
6872,vespasia
6873,powder
6874,ricegrow
6875,multifunct
6876,system
6877,guestroom
6878,weekend
6879,multitask
6880,geröstl
6881,cevich
6882,gioie
6883,floor
6884,sprout
6885,capanna
6886,plissn
6887,candi
6888,threshold
6889,immedi
6890,redcurr
6891,alkerm
6892,vasocottura
6893,ham
6894,cream
6895,glamour
6896,oltr
6897,trulli
6898,facelift
6899,household
6900,polda
6901,halfbottl
6902,shoulder
6903,arsenal
6904,pignatelli
6905,make
6906,fontanina
6907,majest
6908,artisti
6909,marrow
6910,fantasi
6911,zhou
6912,argentina
6913,unmiss
6914,mantua
6915,africa
6916,miteco
6917,snowcat
6918,undisput
6919,moor
6920,move
6921,nonmeateat
6922,atmosphere–on
6923,haller
6924,tomei
6925,close
6926,frescada
6927,gracious
6928,groceri
6929,bufi
6930,symbolis
6931,topnotch
6932,homemad
6933,trattoria
6934,certainli
6935,riccardo
6936,split
6937,lussuoso
6938,loss
6939,bainmari
6940,drycur
6941,spirit
6942,consumm
6943,may
6944,picnic
6945,trent
6946,marelli
6947,freedom
6948,moriggi
6949,span
6950,mallard
6951,whitewash
6952,asina
6953,1865
6954,bun
6955,americanstyl
6956,ferrares
6957,vicina
6958,hairpin
6959,gut
6960,sbrisolona
6961,colleoni
6962,pete
6963,avenu
6964,holzner
6965,nikkeistyl
6966,extens
6967,scapec
6968,patio
6969,traffic
6970,flank
6971,francon
6972,vecchio
6973,brescia
6974,experi
6975,1585
6976,tiberio
6977,cosmopolitan
6978,abli
6979,costum
6980,47
6981,nunziata
6982,austria
6983,meet
6984,bachmann
6985,barchessa
6986,courteou
6987,elsewher
6988,caoda
6989,olmo
6990,bruzzon
6991,tuscani
6992,greatgrandfath
6993,galtarossa
6994,atman
6995,gourmethotel
6996,demand
6997,challeng
6998,bonus
6999,inevit
7000,decad
7001,involv
7002,quinson
7003,ragu
7004,consist
7005,creation
7006,lettuc
7007,giglio
7008,potent
7009,laigueglia
7010,leather
7011,simon
7012,episod
7013,associ
7014,loop
7015,margherita
7016,snail
7017,eastern
7018,grapefruit
7019,diffuso
7020,hard
7021,sauté
7022,herbert
7023,thoughtout
7024,vinilia
7025,meringu
7026,manuel
7027,hermitag
7028,pineta
7029,charact
7030,zuppa
7031,bartoli
7032,expand
7033,dont
7034,frantoio
7035,galleri
7036,nicolosi
7037,pizza
7038,emblemat
7039,england
7040,appli
7041,acqua
7042,framura
7043,postcard
7044,1920
7045,giancarlo
7046,ricomincio
7047,stefania
7048,trafoier
7049,ciociaria
7050,minim
7051,bc
7052,calderino
7053,acquapetra
7054,candela
7055,1913
7056,fondazion
7057,libero
7058,explos
7059,langolo
7060,fulfil
7061,mancini
7062,corn
7063,giovan
7064,benso
7065,iseo
7066,perus
7067,confus
7068,slow
7069,softer
7070,ampezzo
7071,count
7072,industrialnew
7073,run
7074,finish
7075,murgia
7076,bellingeri
7077,fingerfood
7078,che
7079,hen
7080,level
7081,delicatessen
7082,justifi
7083,boast
7084,seclud
7085,col
7086,suggestions–includ
7087,andré
7088,convert
7089,geograph
7090,bank
7091,juliet
7092,consult
7093,parsley
7094,acciderba
7095,grove
7096,role
7097,cielo
7098,tapa
7099,domin
7100,sylvan
7101,mazzini
7102,1984
7103,tomberli
7104,sanremo
7105,charm
7106,tortellini
7107,unavoid
7108,vale
7109,annamaria
7110,gianello
7111,strong
7112,glamor
7113,hanger
7114,annarumma
7115,bewar
7116,moresca
7117,pig
7118,lingotto
7119,drawback
7120,upon
7121,cestello
7122,gather
7123,contact
7124,ristretto
7125,stubestyl
7126,profus
7127,classicstyl
7128,literatur
7129,ciucci
7130,europa
7131,robuchon
7132,marineria
7133,malp
7134,papavero
7135,sbira
7136,michelin
7137,fairli
7138,teem
7139,scrupul
7140,mainli
7141,cherasco
7142,beig
7143,tenerumi
7144,giandujotto
7145,50ha
7146,produc
7147,wagyubeef
7148,countrysid
7149,evid
7150,brioch
7151,sa
7152,ferri
7153,fuenti
7154,cost
7155,corrado
7156,gennaro
7157,palamaro
7158,dolom
7159,pintadera
7160,inhabit
7161,intrigu
7162,seriou
7163,nois
7164,tragara
7165,louis
7166,theme
7167,abbattista
7168,holder
7169,major
7170,tiber
7171,photo
7172,venezuela
7173,via
7174,applic
7175,late
7176,usai
7177,ice
7178,claroni
7179,gnudi
7180,val
7181,lava
7182,quick
7183,mirazur
7184,diner
7185,instagram
7186,narducci
7187,early20c
7188,blend
7189,temperatur
7190,smaller
7191,featur
7192,model
7193,dominican
7194,aisl
7195,ciccio
7196,current
7197,sangiovesi
7198,artisticcultur
7199,theatr
7200,monastero
7201,absinth
7202,summer
7203,nebrodi
7204,anim
7205,cotoletta
7206,eben
7207,rose
7208,prosper
7209,luisa
7210,gentian
7211,perticara
7212,ligurianinfluenc
7213,vincenzo
7214,1882
7215,lessinia
7216,mad100
7217,equens
7218,nineteenth
7219,deepli
7220,stylish
7221,trentinomenu
7222,skewer
7223,glowig
7224,udin
7225,equa
7226,gallar
7227,salvator
7228,cajinci
7229,unknown
7230,gamay
7231,pinot
7232,remark
7233,torregrotta
7234,goat
7235,australia
7236,fassa
7237,morsi
7238,torrisi
7239,tin
7240,stretch
7241,tordelli
7242,bob
7243,crescenzo
7244,rossella
7245,breve
7246,bishop
7247,corbusi
7248,aubergin
7249,curat
7250,marketfresh
7251,took
7252,lumen
7253,sum
7254,sini
7255,prophet
7256,ahead
7257,camomil
7258,crop
7259,infin
7260,boè
7261,compani
7262,provençalstyl
7263,obviou
7264,carnian
7265,barbecu
7266,made
7267,magnific
7268,revolutionari
7269,late18c
7270,one
7271,passag
7272,santorsola
7273,undeni
7274,beat
7275,photogen
7276,conservatori
7277,wheat
7278,albavilla
7279,6cours
7280,real
7281,177
7282,counter
7283,andi
7284,saracen
7285,hong
7286,stephan
7287,angioino
7288,jerusalem
7289,municip
7290,luna
7291,gambero
7292,steak
7293,teano
7294,pedestrianis
7295,francescana
7296,rome
7297,albeit
7298,town
7299,aeolian
7300,castelli
7301,doc
7302,dipino
7303,delmont
7304,zero
7305,errico
7306,rimini
7307,lagunamar
7308,ingredi
7309,spaniard
7310,bed
7311,choos
7312,latemar
7313,cartosio
7314,enhanc
7315,environ
7316,sheer
7317,italianthem
7318,laticauda
7319,hang
7320,entrust
7321,vaiani
7322,grappa
7323,rita
7324,siracusa
7325,salada
7326,lopez
7327,almond
7328,sposito
7329,falter
7330,twin
7331,showcas
7332,meucci
7333,wooden
7334,zunica
7335,càuda
7336,captiv
7337,techniqu
7338,fanci
7339,1919
7340,”
7341,santuario
7342,congeni
7343,daniela
7344,alcohol
7345,weekday
7346,porceddu
7347,lorto
7348,bronzo
7349,breweri
7350,sala
7351,show
7352,inform
7353,winebuff
7354,purpl
7355,bacaro
7356,late15c
7357,22
7358,prototyp
7359,1985
7360,sanbrit
7361,hassler
7362,prenestinocentocel
7363,acquarol
7364,resort
7365,trattoriacumdelicatessen
7366,widespread
7367,calm
7368,postdinn
7369,visibl
7370,68
7371,monkfish
7372,riso
7373,schingaro
7374,offshoot
7375,souvenir
7376,meter
7377,lemon
7378,tenderloin
7379,menegaldo
7380,morra
7381,fritter
7382,ambit
7383,fan
7384,quieter
7385,terzavia
7386,marzio
7387,mind
7388,caltagiron
7389,ferment
7390,bolognina
7391,redecor
7392,train
7393,young
7394,ventricina
7395,cimbron
7396,chessboard
7397,contemporanea
7398,becom
7399,lefay
7400,cipriani
7401,borsa
7402,eight
7403,makeov
7404,costabella
7405,gioconda
7406,gerli
7407,recipesth
7408,renzo
7409,underpin
7410,termeno
7411,degustazion
7412,bird
7413,sage
7414,arcangelo
7415,refin
7416,fondaco
7417,ricorda
7418,centuryold
7419,long
7420,cheek
7421,piz
7422,vase
7423,giuliano
7424,sleep
7425,piano
7426,pomposa
7427,fabric
7428,scandinavian
7429,renon
7430,ambassador
7431,vanilla
7432,wagyu
7433,calabrian
7434,coachhous
7435,scosso
7436,justli
7437,siphon
7438,boffa
7439,common
7440,cosylittl
7441,cantafio
7442,lorelei
7443,resolut
7444,nut
7445,devoto
7446,spheric
7447,modern
7448,incorpor
7449,proietti
7450,deer
7451,admiss
7452,1877
7453,cantones
7454,11am10pm
7455,gard
7456,terrac
7457,energi
7458,pivot
7459,pattern
7460,kevin
7461,bucchero
7462,tumbl
7463,struck
7464,filosofi
7465,crostino
7466,traditionalist
7467,juneaugust
7468,liver
7469,cracker
7470,una
7471,restor
7472,arnolfo
7473,among
7474,outoftown
7475,stara
7476,favour
7477,baronetto
7478,lead
7479,museo
7480,dose
7481,millefogli
7482,consumpt
7483,farmer
7484,sorrentin
7485,breath
7486,flow
7487,proven
7488,verdant
7489,manufactur
7490,spezial
7491,gerhard
7492,therapi
7493,wend
7494,flee
7495,tristan
7496,chri
7497,semihidden
7498,broccoli
7499,marci
7500,glori
7501,cuttingedg
7502,bargellini
7503,georg
7504,crab
7505,desiderio
7506,colorata
7507,baia
7508,alberto
7509,terri
7510,riccio
7511,lane
7512,remind
7513,gemma
7514,carbonara
7515,familiar
7516,alpin
7517,lose
7518,smokyflavour
7519,dreamlik
7520,bertoli
7521,procedur
7522,patti
7523,sho
7524,provenc
7525,albergo
7526,perfectli
7527,shallot
7528,immens
7529,taggiasch
7530,porchetta
7531,confin
7532,conceiv
7533,triangl
7534,treeshad
7535,controversi
7536,marmot
7537,elid
7538,cannolo
7539,ban
7540,shabbi
7541,1957
7542,aristocraci
7543,expect
7544,fore
7545,brunello
7546,money
7547,occupi
7548,sila
7549,herb
7550,pick
7551,synagogu
7552,la
7553,southwest
7554,castlehamlet
7555,mathia
7556,università
7557,maximum
7558,amphitheatr
7559,ravarotto
7560,coach
7561,mattara
7562,ferretto
7563,across
7564,welltrain
7565,stylishli
7566,satisfi
7567,lambrusco
7568,warm
7569,highend
7570,staf
7571,lankan
7572,fogher
7573,autist
7574,japan
7575,kistè
7576,block
7577,born
7578,cicciolipork
7579,donato
7580,latt
7581,shelter
7582,smeraldo
7583,castraur
7584,termini
7585,spinachfil
7586,storia
7587,cappellaccio
7588,sirmiano
7589,waffl
7590,sever
7591,abund
7592,cocoa
7593,cabbag
7594,te
7595,sansepolcro
7596,perugia
7597,lorena
7598,bagheria
7599,ossobuco
7600,quadrilater
7601,groundfloor
7602,gavi
7603,tentacl
7604,frothi
7605,bislacco
7606,verpai
7607,biohotel
7608,bramea
7609,feel
7610,wholeheartedli
7611,tola
7612,500
7613,protagonist
7614,pasticceria
7615,pescara
7616,brembo
7617,bonbon
7618,skylin
7619,banal
7620,fritto
7621,inner
7622,rispo
7623,sooth
7624,meateat
7625,bowerman
7626,movement
7627,iconica
7628,boglioli
7629,etc
7630,ristorant
7631,400m
7632,eccentr
7633,aminta
7634,piazzal
7635,sassoferrato
7636,written
7637,fee
7638,bakeri
7639,trezzo
7640,indoor
7641,aplomb
7642,casserol
7643,barg
7644,tempt
7645,sultana
7646,commerci
7647,ii
7648,sfogliatina
7649,1965
7650,outli
7651,coniglio
7652,brixen
7653,breathtak
7654,soon
7655,salerno
7656,santagata
7657,sfincion
7658,terracecumgarden
7659,collin
7660,recommend
7661,1996
7662,perbellini
7663,vescovil
7664,145°
7665,declinata
7666,castelvecchio
7667,offal
7668,beam
7669,valid
7670,duck
7671,peasant
7672,piatti
7673,charcoal
7674,nori
7675,peru
7676,sawmil
7677,capon
7678,carricant
7679,cartellata
7680,mould
7681,proverbi
7682,englishstyl
7683,mine
7684,seta
7685,fracassi
7686,bao
7687,middl
7688,ischianstyl
7689,game
7690,giardini
7691,wheel
7692,milda
7693,neutral
7694,paid
7695,cervinia
7696,nerina
7697,montefusco
7698,peninsula
7699,moirago
7700,non
7701,symbol
7702,thousandyearold
7703,anise
7704,sitea
7705,bike
7706,calamaro
